{"stats":{"minecraft:killed_by":{"minecraft:zombie":1},"minecraft:used":{"minecraft:stone_sword":17,"minecraft:stone_pickaxe":20,"minecraft:wooden_pickaxe":9,"minecraft:torch":1,"minecraft:stone_axe":36,"minecraft:wooden_sword":32,"minecraft:crafting_table":2,"minecraft:furnace":1},"minecraft:custom":{"minecraft:time_since_rest":14227,"minecraft:interact_with_furnace":2,"minecraft:sprint_one_cm":49636,"minecraft:damage_taken":420,"minecraft:walk_one_cm":70489,"minecraft:mob_kills":22,"minecraft:damage_dealt":2070,"minecraft:interact_with_crafting_table":7,"minecraft:swim_one_cm":6472,"minecraft:fly_one_cm":69248,"minecraft:crouch_one_cm":138,"minecraft:play_time":18682,"minecraft:deaths":1,"minecraft:sneak_time":274,"minecraft:walk_under_water_one_cm":4612,"minecraft:jump":354,"minecraft:leave_game":7,"minecraft:walk_on_water_one_cm":12695,"minecraft:time_since_death":14155,"minecraft:total_world_time":18682,"minecraft:climb_one_cm":246,"minecraft:fall_one_cm":6688},"minecraft:picked_up":{"minecraft:cocoa_beans":3,"minecraft:stick":3,"minecraft:crafting_table":1,"minecraft:feather":14,"minecraft:chicken":10,"minecraft:jungle_log":7,"minecraft:leather":3,"minecraft:porkchop":5,"minecraft:oak_log":8,"minecraft:string":1,"minecraft:dirt":13,"minecraft:wooden_sword":1,"minecraft:bone":1,"minecraft:wheat_seeds":4,"minecraft:beef":7,"minecraft:gray_wool":3,"minecraft:sugar_cane":2,"minecraft:mutton":17,"minecraft:oak_planks":8,"minecraft:coal":9,"minecraft:white_wool":6,"minecraft:cobblestone":19},"minecraft:killed":{"minecraft:skeleton":1,"minecraft:sheep":6,"minecraft:pig":4,"minecraft:chicken":7,"minecraft:spider":1,"minecraft:cow":3},"minecraft:crafted":{"minecraft:wooden_sword":1,"minecraft:oak_planks":16,"minecraft:crafting_table":1,"minecraft:stick":12,"minecraft:wooden_pickaxe":1,"minecraft:stone_pickaxe":1,"minecraft:stone_sword":1,"minecraft:furnace":1,"minecraft:torch":16,"minecraft:stone_axe":1},"minecraft:mined":{"minecraft:jungle_leaves":1,"minecraft:crafting_table":1,"minecraft:short_grass":19,"minecraft:oak_log":8,"minecraft:grass_block":6,"minecraft:coal_ore":9,"minecraft:vine":2,"minecraft:jungle_log":7,"minecraft:dirt":7,"minecraft:tall_grass":2,"minecraft:stone":19,"minecraft:sugar_cane":1,"minecraft:oak_leaves":7,"minecraft:fern":4}},"DataVersion":3955}