{"stats":{"minecraft:mined":{"minecraft:short_grass":1},"minecraft:custom":{"minecraft:jump":24,"minecraft:time_since_rest":3936,"minecraft:damage_dealt":80,"minecraft:play_time":3936,"minecraft:leave_game":2,"minecraft:sprint_one_cm":2846,"minecraft:time_since_death":3936,"minecraft:walk_one_cm":1927,"minecraft:sneak_time":8,"minecraft:total_world_time":3936,"minecraft:mob_kills":1,"minecraft:fall_one_cm":685,"minecraft:fly_one_cm":5431},"minecraft:killed":{"minecraft:sheep":1},"minecraft:picked_up":{"minecraft:mutton":1,"minecraft:white_wool":1}},"DataVersion":3955}