{"stats":{"minecraft:mined":{"minecraft:crafting_table":1,"minecraft:short_grass":19,"minecraft:coal_ore":9,"minecraft:grass_block":6,"minecraft:oak_log":8,"minecraft:dirt":7,"minecraft:tall_grass":1,"minecraft:stone":9,"minecraft:sugar_cane":1,"minecraft:oak_leaves":2,"minecraft:fern":3},"minecraft:crafted":{"minecraft:wooden_sword":1,"minecraft:oak_planks":16,"minecraft:crafting_table":1,"minecraft:stick":12,"minecraft:wooden_pickaxe":1,"minecraft:stone_pickaxe":1,"minecraft:stone_sword":1,"minecraft:torch":16,"minecraft:stone_axe":1},"minecraft:picked_up":{"minecraft:stick":3,"minecraft:crafting_table":1,"minecraft:feather":13,"minecraft:chicken":9,"minecraft:leather":3,"minecraft:porkchop":5,"minecraft:oak_log":8,"minecraft:dirt":13,"minecraft:wooden_sword":1,"minecraft:bone":1,"minecraft:wheat_seeds":4,"minecraft:beef":7,"minecraft:gray_wool":3,"minecraft:coal":9,"minecraft:sugar_cane":2,"minecraft:mutton":17,"minecraft:oak_planks":8,"minecraft:white_wool":6,"minecraft:cobblestone":9},"minecraft:used":{"minecraft:stone_sword":14,"minecraft:stone_pickaxe":9,"minecraft:wooden_pickaxe":9,"minecraft:stone_axe":18,"minecraft:wooden_sword":32,"minecraft:crafting_table":1},"minecraft:killed":{"minecraft:skeleton":1,"minecraft:sheep":6,"minecraft:pig":4,"minecraft:chicken":6,"minecraft:cow":3},"minecraft:custom":{"minecraft:time_since_rest":9146,"minecraft:sprint_one_cm":49636,"minecraft:damage_taken":420,"minecraft:walk_one_cm":49565,"minecraft:mob_kills":20,"minecraft:damage_dealt":1802,"minecraft:swim_one_cm":6472,"minecraft:interact_with_crafting_table":5,"minecraft:fly_one_cm":69221,"minecraft:play_time":13601,"minecraft:deaths":1,"minecraft:sneak_time":19,"minecraft:walk_under_water_one_cm":2394,"minecraft:jump":321,"minecraft:walk_on_water_one_cm":10119,"minecraft:leave_game":2,"minecraft:time_since_death":9074,"minecraft:climb_one_cm":246,"minecraft:total_world_time":13601,"minecraft:fall_one_cm":6479},"minecraft:killed_by":{"minecraft:zombie":1}},"DataVersion":3955}