{"stats":{"minecraft:custom":{"minecraft:time_since_rest":303,"minecraft:crouch_one_cm":87,"minecraft:play_time":10179,"minecraft:sprint_one_cm":23376,"minecraft:deaths":6,"minecraft:damage_taken":1589,"minecraft:walk_one_cm":10591,"minecraft:sneak_time":22,"minecraft:mob_kills":2,"minecraft:jump":111,"minecraft:damage_dealt":240,"minecraft:leave_game":6,"minecraft:time_since_death":0,"minecraft:total_world_time":10179,"minecraft:fall_one_cm":2986,"minecraft:fly_one_cm":26748},"minecraft:killed_by":{"minecraft:skeleton":1,"minecraft:zombie":1,"minecraft:player":4},"minecraft:killed":{"minecraft:sheep":1,"minecraft:spider":1},"minecraft:picked_up":{"minecraft:chicken":1,"minecraft:wheat_seeds":1,"minecraft:mutton":1,"minecraft:white_wool":1,"minecraft:string":1},"minecraft:mined":{"minecraft:short_grass":1,"minecraft:tall_grass":3,"minecraft:oak_leaves":1}},"DataVersion":3955}