{"stats":{"minecraft:mined":{"minecraft:oak_log":19,"minecraft:dandelion":2,"minecraft:oak_leaves":9},"minecraft:crafted":{"minecraft:oak_planks":32,"minecraft:stick":4,"minecraft:wooden_pickaxe":1},"minecraft:picked_up":{"minecraft:dandelion":2,"minecraft:porkchop":2,"minecraft:oak_log":19,"minecraft:gray_wool":1,"minecraft:mutton":4,"minecraft:white_wool":1,"minecraft:dirt":12},"minecraft:used":{"minecraft:dirt":6,"minecraft:mutton":1,"minecraft:porkchop":2,"minecraft:wooden_pickaxe":2},"minecraft:killed":{"minecraft:sheep":2,"minecraft:pig":2},"minecraft:custom":{"minecraft:time_since_rest":16678,"minecraft:crouch_one_cm":735,"minecraft:damage_taken":1254,"minecraft:play_time":32183,"minecraft:sprint_one_cm":39426,"minecraft:walk_one_cm":65437,"minecraft:deaths":3,"minecraft:sneak_time":827,"minecraft:walk_under_water_one_cm":3738,"minecraft:mob_kills":4,"minecraft:jump":222,"minecraft:damage_dealt":551,"minecraft:leave_game":11,"minecraft:walk_on_water_one_cm":3271,"minecraft:time_since_death":16466,"minecraft:sleep_in_bed":2,"minecraft:total_world_time":32183,"minecraft:interact_with_crafting_table":5,"minecraft:swim_one_cm":4313,"minecraft:fall_one_cm":3095,"minecraft:fly_one_cm":15761},"minecraft:killed_by":{"minecraft:creeper":1,"minecraft:player":2}},"DataVersion":3955}