{"stats":{"minecraft:killed_by":{"minecraft:skeleton":1,"minecraft:zombie":1,"minecraft:player":4},"minecraft:mined":{"minecraft:short_grass":22,"minecraft:grass_block":2,"minecraft:tall_grass":7,"minecraft:oak_leaves":1},"minecraft:used":{"minecraft:dirt":2},"minecraft:killed":{"minecraft:sheep":2,"minecraft:spider":1},"minecraft:picked_up":{"minecraft:chicken":1,"minecraft:wheat_seeds":7,"minecraft:mutton":2,"minecraft:dirt":63,"minecraft:white_wool":2,"minecraft:string":1},"minecraft:custom":{"minecraft:time_since_rest":1899,"minecraft:crouch_one_cm":87,"minecraft:play_time":11775,"minecraft:sprint_one_cm":30151,"minecraft:deaths":6,"minecraft:damage_taken":1757,"minecraft:walk_one_cm":15080,"minecraft:sneak_time":22,"minecraft:mob_kills":3,"minecraft:jump":198,"minecraft:damage_dealt":377,"minecraft:leave_game":7,"minecraft:time_since_death":1595,"minecraft:total_world_time":11775,"minecraft:fall_one_cm":5937,"minecraft:fly_one_cm":45971}},"DataVersion":3955}