{"stats":{"minecraft:used":{"minecraft:stone_sword":3,"minecraft:wooden_pickaxe":22,"minecraft:stone_axe":3,"minecraft:dirt":7,"minecraft:crafting_table":3,"minecraft:oak_boat":1},"minecraft:killed":{"minecraft:sheep":1},"minecraft:dropped":{"minecraft:wooden_pickaxe":1},"minecraft:crafted":{"minecraft:oak_boat":1,"minecraft:oak_planks":28,"minecraft:stone_shovel":1,"minecraft:crafting_table":1,"minecraft:stick":12,"minecraft:wooden_pickaxe":1,"minecraft:stone_pickaxe":1,"minecraft:stone_sword":1,"minecraft:furnace":1,"minecraft:stone_axe":1},"minecraft:picked_up":{"minecraft:crafting_table":3,"minecraft:oak_log":7,"minecraft:dirt":7,"minecraft:mutton":1,"minecraft:white_wool":1,"minecraft:cobblestone":17},"minecraft:custom":{"minecraft:time_since_rest":7804,"minecraft:sprint_one_cm":10553,"minecraft:walk_one_cm":3156,"minecraft:mob_kills":1,"minecraft:drop":1,"minecraft:damage_dealt":80,"minecraft:interact_with_crafting_table":4,"minecraft:fly_one_cm":25571,"minecraft:crouch_one_cm":1758,"minecraft:play_time":7804,"minecraft:sneak_time":899,"minecraft:walk_under_water_one_cm":152,"minecraft:boat_one_cm":42968,"minecraft:jump":94,"minecraft:time_since_death":7804,"minecraft:leave_game":4,"minecraft:walk_on_water_one_cm":57,"minecraft:total_world_time":7804,"minecraft:fall_one_cm":2984},"minecraft:mined":{"minecraft:crafting_table":3,"minecraft:short_grass":1,"minecraft:grass_block":1,"minecraft:oak_log":8,"minecraft:dirt":6,"minecraft:stone":17}},"DataVersion":3955}