{"stats":{"minecraft:used":{"minecraft:cooked_mutton":1,"minecraft:water_bucket":4,"minecraft:stone_sword":6,"minecraft:spruce_door":8,"minecraft:flint_and_steel":1,"minecraft:stone_shovel":15,"minecraft:stone_pickaxe":44,"minecraft:blackstone":100,"minecraft:chest":1,"minecraft:wooden_pickaxe":22,"minecraft:shield":39,"minecraft:iron_sword":127,"minecraft:netherrack":55,"minecraft:polished_blackstone_bricks":56,"minecraft:torch":68,"minecraft:dirt":7,"minecraft:crafting_table":8,"minecraft:white_bed":1,"minecraft:smoker":1,"minecraft:lava_bucket":9,"minecraft:iron_pickaxe":457,"minecraft:iron_helmet":1,"minecraft:iron_boots":1,"minecraft:gravel":12,"minecraft:stone_axe":67,"minecraft:magma_block":1,"minecraft:cobblestone":10,"minecraft:furnace":4,"minecraft:cooked_porkchop":10,"minecraft:bucket":14,"minecraft:birch_log":3,"minecraft:oak_boat":1,"minecraft:cooked_beef":5,"minecraft:cobbled_deepslate":20},"minecraft:killed":{"minecraft:piglin":2,"minecraft:pig":11,"minecraft:spider":3,"minecraft:sheep":4,"minecraft:skeleton":8,"minecraft:zombie":12,"minecraft:cow":5},"minecraft:dropped":{"minecraft:soul_sand":6,"minecraft:stone_sword":1,"minecraft:cobblestone":1,"minecraft:rotten_flesh":3,"minecraft:granite":1,"minecraft:stick":2,"minecraft:diorite":1,"minecraft:potion":1,"minecraft:fire_charge":6,"minecraft:spider_eye":1,"minecraft:basalt":5,"minecraft:polished_blackstone_bricks":1,"minecraft:wooden_pickaxe":1,"minecraft:stone_pickaxe":1,"minecraft:gold_ingot":36},"minecraft:crafted":{"minecraft:cooked_beef":5,"minecraft:oak_planks":28,"minecraft:stone_shovel":1,"minecraft:cooked_porkchop":20,"minecraft:crafting_table":2,"minecraft:wooden_pickaxe":1,"minecraft:iron_helmet":1,"minecraft:iron_sword":1,"minecraft:furnace":2,"minecraft:bucket":1,"minecraft:birch_planks":68,"minecraft:stone_axe":1,"minecraft:cooked_mutton":1,"minecraft:flint_and_steel":1,"minecraft:oak_boat":1,"minecraft:iron_chestplate":1,"minecraft:iron_boots":1,"minecraft:shield":1,"minecraft:stick":36,"minecraft:iron_ingot":46,"minecraft:iron_pickaxe":3,"minecraft:stone_pickaxe":1,"minecraft:stone_sword":1,"minecraft:chest":1,"minecraft:gold_ingot":31,"minecraft:iron_leggings":1,"minecraft:white_bed":1,"minecraft:torch":68,"minecraft:golden_boots":1,"minecraft:lapis_block":5,"minecraft:smoker":1},"minecraft:picked_up":{"minecraft:birch_log":35,"minecraft:crafting_table":7,"minecraft:magma_block":2,"minecraft:basalt":5,"minecraft:andesite":3,"minecraft:leather":7,"minecraft:potion":2,"minecraft:gold_block":16,"minecraft:flint":1,"minecraft:oak_log":7,"minecraft:string":9,"minecraft:lapis_lazuli":46,"minecraft:dirt":7,"minecraft:bone":12,"minecraft:blackstone":119,"minecraft:cobbled_deepslate":73,"minecraft:raw_gold":4,"minecraft:beef":11,"minecraft:soul_sand":13,"minecraft:iron_boots":1,"minecraft:furnace":3,"minecraft:raw_iron":46,"minecraft:warped_fungus":1,"minecraft:quartz":10,"minecraft:fire_charge":6,"minecraft:torch":3,"minecraft:polished_blackstone_bricks":59,"minecraft:gravel":14,"minecraft:porkchop":20,"minecraft:diorite":18,"minecraft:spectral_arrow":25,"minecraft:crying_obsidian":2,"minecraft:spider_eye":2,"minecraft:spruce_door":9,"minecraft:arrow":14,"minecraft:rotten_flesh":11,"minecraft:diamond":2,"minecraft:cracked_polished_blackstone_bricks":27,"minecraft:granite":1,"minecraft:gold_ingot":14,"minecraft:netherrack":62,"minecraft:mutton":4,"minecraft:coal":30,"minecraft:white_wool":4,"minecraft:cobblestone":51},"minecraft:custom":{"minecraft:interact_with_furnace":37,"minecraft:mob_kills":47,"minecraft:interact_with_crafting_table":22,"minecraft:leave_game":6,"minecraft:time_since_death":94974,"minecraft:sleep_in_bed":2,"minecraft:climb_one_cm":340,"minecraft:time_since_rest":36168,"minecraft:sprint_one_cm":177726,"minecraft:damage_taken":1284,"minecraft:walk_one_cm":153088,"minecraft:damage_blocked_by_shield":1995,"minecraft:drop":52,"minecraft:damage_dealt":7363,"minecraft:swim_one_cm":127207,"minecraft:fly_one_cm":183656,"minecraft:open_chest":12,"minecraft:crouch_one_cm":50354,"minecraft:play_time":94974,"minecraft:sneak_time":20293,"minecraft:walk_under_water_one_cm":23684,"minecraft:boat_one_cm":66297,"minecraft:jump":1611,"minecraft:walk_on_water_one_cm":30092,"minecraft:interact_with_smoker":9,"minecraft:total_world_time":94974,"minecraft:fall_one_cm":36310},"minecraft:mined":{"minecraft:blackstone":101,"minecraft:deepslate_diamond_ore":2,"minecraft:basalt":5,"minecraft:spruce_door":9,"minecraft:crafting_table":7,"minecraft:granite":1,"minecraft:short_grass":5,"minecraft:grass_block":1,"minecraft:cracked_polished_blackstone_bricks":30,"minecraft:lapis_ore":7,"minecraft:diorite":20,"minecraft:seagrass":1,"minecraft:polished_blackstone_bricks":67,"minecraft:magma_block":2,"minecraft:furnace":3,"minecraft:birch_log":35,"minecraft:iron_ore":39,"minecraft:cobbled_deepslate":2,"minecraft:andesite":1,"minecraft:birch_leaves":6,"minecraft:warped_fungus":1,"minecraft:gold_block":16,"minecraft:oak_log":8,"minecraft:coal_ore":37,"minecraft:deepslate_iron_ore":7,"minecraft:gravel":15,"minecraft:dirt":6,"minecraft:stone":49,"minecraft:netherrack":62,"minecraft:gold_ore":4,"minecraft:deepslate":63}},"DataVersion":3955}