{"stats":{"minecraft:used":{"minecraft:stone_sword":9,"minecraft:wooden_pickaxe":9,"minecraft:stone_axe":12,"minecraft:wooden_sword":32,"minecraft:crafting_table":1},"minecraft:killed":{"minecraft:sheep":6,"minecraft:pig":4,"minecraft:chicken":6,"minecraft:cow":3},"minecraft:mined":{"minecraft:crafting_table":1,"minecraft:short_grass":19,"minecraft:grass_block":6,"minecraft:oak_log":4,"minecraft:dirt":7,"minecraft:tall_grass":1,"minecraft:stone":9,"minecraft:sugar_cane":1,"minecraft:fern":3},"minecraft:crafted":{"minecraft:wooden_sword":1,"minecraft:oak_planks":16,"minecraft:crafting_table":1,"minecraft:stick":8,"minecraft:wooden_pickaxe":1,"minecraft:stone_pickaxe":1,"minecraft:stone_sword":1,"minecraft:stone_axe":1},"minecraft:custom":{"minecraft:time_since_rest":6200,"minecraft:sprint_one_cm":44863,"minecraft:damage_taken":290,"minecraft:walk_one_cm":44350,"minecraft:mob_kills":19,"minecraft:damage_dealt":1602,"minecraft:interact_with_crafting_table":5,"minecraft:fly_one_cm":66501,"minecraft:play_time":10655,"minecraft:deaths":1,"minecraft:jump":306,"minecraft:leave_game":1,"minecraft:walk_on_water_one_cm":2334,"minecraft:time_since_death":6128,"minecraft:total_world_time":10655,"minecraft:climb_one_cm":246,"minecraft:fall_one_cm":6479},"minecraft:picked_up":{"minecraft:stick":3,"minecraft:crafting_table":1,"minecraft:feather":13,"minecraft:chicken":9,"minecraft:leather":3,"minecraft:porkchop":5,"minecraft:oak_log":4,"minecraft:dirt":13,"minecraft:wooden_sword":1,"minecraft:wheat_seeds":4,"minecraft:beef":7,"minecraft:gray_wool":3,"minecraft:sugar_cane":2,"minecraft:mutton":17,"minecraft:oak_planks":8,"minecraft:white_wool":6,"minecraft:cobblestone":9},"minecraft:killed_by":{"minecraft:zombie":1}},"DataVersion":3955}