{"stats":{"minecraft:used":{"minecraft:cooked_mutton":1,"minecraft:stone_sword":6,"minecraft:spruce_door":8,"minecraft:stone_pickaxe":44,"minecraft:wooden_pickaxe":22,"minecraft:shield":24,"minecraft:iron_sword":73,"minecraft:torch":24,"minecraft:dirt":7,"minecraft:crafting_table":7,"minecraft:white_bed":1,"minecraft:smoker":1,"minecraft:iron_pickaxe":114,"minecraft:iron_helmet":1,"minecraft:iron_boots":1,"minecraft:stone_axe":66,"minecraft:magma_block":1,"minecraft:cobblestone":2,"minecraft:furnace":4,"minecraft:cooked_porkchop":2,"minecraft:birch_log":3,"minecraft:oak_boat":1,"minecraft:cooked_beef":5},"minecraft:killed":{"minecraft:pig":11,"minecraft:spider":2,"minecraft:sheep":4,"minecraft:skeleton":4,"minecraft:zombie":6,"minecraft:cow":5},"minecraft:dropped":{"minecraft:stone_sword":1,"minecraft:cobblestone":1,"minecraft:rotten_flesh":2,"minecraft:granite":1,"minecraft:diorite":1,"minecraft:wooden_pickaxe":1,"minecraft:stone_pickaxe":1},"minecraft:crafted":{"minecraft:cooked_beef":5,"minecraft:oak_planks":28,"minecraft:stone_shovel":1,"minecraft:cooked_porkchop":20,"minecraft:crafting_table":1,"minecraft:wooden_pickaxe":1,"minecraft:iron_helmet":1,"minecraft:iron_sword":1,"minecraft:furnace":2,"minecraft:birch_planks":68,"minecraft:stone_axe":1,"minecraft:cooked_mutton":1,"minecraft:oak_boat":1,"minecraft:iron_boots":1,"minecraft:shield":1,"minecraft:stick":28,"minecraft:iron_ingot":22,"minecraft:iron_pickaxe":1,"minecraft:stone_pickaxe":1,"minecraft:stone_sword":1,"minecraft:iron_leggings":1,"minecraft:white_bed":1,"minecraft:torch":52,"minecraft:lapis_block":5,"minecraft:smoker":1},"minecraft:picked_up":{"minecraft:birch_log":35,"minecraft:crafting_table":6,"minecraft:magma_block":2,"minecraft:andesite":3,"minecraft:leather":3,"minecraft:oak_log":7,"minecraft:lapis_lazuli":46,"minecraft:dirt":7,"minecraft:bone":7,"minecraft:cobbled_deepslate":7,"minecraft:beef":11,"minecraft:furnace":3,"minecraft:raw_iron":46,"minecraft:porkchop":20,"minecraft:diorite":18,"minecraft:spider_eye":1,"minecraft:spruce_door":9,"minecraft:arrow":8,"minecraft:rotten_flesh":7,"minecraft:granite":1,"minecraft:mutton":4,"minecraft:coal":30,"minecraft:white_wool":4,"minecraft:cobblestone":51},"minecraft:custom":{"minecraft:interact_with_furnace":27,"minecraft:mob_kills":34,"minecraft:interact_with_crafting_table":16,"minecraft:leave_game":5,"minecraft:time_since_death":46081,"minecraft:sleep_in_bed":1,"minecraft:time_since_rest":5962,"minecraft:sprint_one_cm":108698,"minecraft:damage_taken":694,"minecraft:walk_one_cm":54825,"minecraft:damage_blocked_by_shield":1191,"minecraft:drop":7,"minecraft:damage_dealt":4637,"minecraft:swim_one_cm":124794,"minecraft:fly_one_cm":112564,"minecraft:open_chest":2,"minecraft:crouch_one_cm":13533,"minecraft:play_time":46081,"minecraft:sneak_time":7257,"minecraft:walk_under_water_one_cm":23408,"minecraft:boat_one_cm":66297,"minecraft:jump":745,"minecraft:walk_on_water_one_cm":24578,"minecraft:interact_with_smoker":7,"minecraft:total_world_time":46081,"minecraft:fall_one_cm":17668},"minecraft:mined":{"minecraft:spruce_door":9,"minecraft:crafting_table":6,"minecraft:granite":1,"minecraft:short_grass":5,"minecraft:grass_block":1,"minecraft:lapis_ore":7,"minecraft:diorite":20,"minecraft:seagrass":1,"minecraft:magma_block":2,"minecraft:furnace":3,"minecraft:birch_log":35,"minecraft:iron_ore":39,"minecraft:andesite":1,"minecraft:birch_leaves":6,"minecraft:oak_log":8,"minecraft:coal_ore":37,"minecraft:deepslate_iron_ore":7,"minecraft:dirt":6,"minecraft:stone":49,"minecraft:deepslate":9}},"DataVersion":3955}