{"stats":{"minecraft:used":{"minecraft:dirt":6},"minecraft:picked_up":{"minecraft:dirt":12},"minecraft:killed_by":{"minecraft:player":2,"minecraft:creeper":1},"minecraft:custom":{"minecraft:jump":65,"minecraft:time_since_rest":510,"minecraft:damage_taken":1204,"minecraft:damage_dealt":145,"minecraft:crouch_one_cm":735,"minecraft:leave_game":8,"minecraft:sprint_one_cm":2626,"minecraft:play_time":16015,"minecraft:walk_one_cm":19552,"minecraft:time_since_death":298,"minecraft:deaths":3,"minecraft:sleep_in_bed":2,"minecraft:sneak_time":817,"minecraft:total_world_time":16015,"minecraft:interact_with_crafting_table":1,"minecraft:fall_one_cm":418,"minecraft:fly_one_cm":7014}},"DataVersion":3955}