{"stats":{"minecraft:used":{"minecraft:cooked_mutton":1,"minecraft:stone_sword":6,"minecraft:spruce_door":7,"minecraft:stone_pickaxe":44,"minecraft:iron_pickaxe":1,"minecraft:wooden_pickaxe":22,"minecraft:iron_sword":2,"minecraft:iron_boots":1,"minecraft:torch":3,"minecraft:stone_axe":16,"minecraft:magma_block":1,"minecraft:dirt":7,"minecraft:cobblestone":2,"minecraft:crafting_table":5,"minecraft:furnace":2,"minecraft:oak_boat":1},"minecraft:killed":{"minecraft:sheep":2,"minecraft:zombie":1},"minecraft:dropped":{"minecraft:stone_sword":1,"minecraft:stone_pickaxe":1,"minecraft:wooden_pickaxe":1},"minecraft:crafted":{"minecraft:oak_boat":1,"minecraft:oak_planks":28,"minecraft:stone_shovel":1,"minecraft:iron_boots":1,"minecraft:shield":1,"minecraft:crafting_table":1,"minecraft:stick":16,"minecraft:iron_pickaxe":1,"minecraft:iron_ingot":12,"minecraft:wooden_pickaxe":1,"minecraft:stone_pickaxe":1,"minecraft:stone_sword":1,"minecraft:iron_sword":1,"minecraft:furnace":1,"minecraft:torch":12,"minecraft:stone_axe":1,"minecraft:cooked_mutton":1},"minecraft:picked_up":{"minecraft:magma_block":2,"minecraft:raw_iron":12,"minecraft:crafting_table":5,"minecraft:oak_log":7,"minecraft:diorite":1,"minecraft:spruce_door":8,"minecraft:dirt":7,"minecraft:rotten_flesh":2,"minecraft:granite":1,"minecraft:mutton":2,"minecraft:coal":17,"minecraft:white_wool":2,"minecraft:cobblestone":20,"minecraft:furnace":2},"minecraft:custom":{"minecraft:time_since_rest":19804,"minecraft:interact_with_furnace":11,"minecraft:sprint_one_cm":13603,"minecraft:damage_taken":128,"minecraft:walk_one_cm":9043,"minecraft:mob_kills":3,"minecraft:drop":3,"minecraft:damage_dealt":510,"minecraft:swim_one_cm":105331,"minecraft:interact_with_crafting_table":9,"minecraft:fly_one_cm":29241,"minecraft:open_chest":2,"minecraft:crouch_one_cm":2225,"minecraft:play_time":19804,"minecraft:sneak_time":2668,"minecraft:walk_under_water_one_cm":18574,"minecraft:boat_one_cm":66297,"minecraft:jump":171,"minecraft:time_since_death":19804,"minecraft:leave_game":4,"minecraft:walk_on_water_one_cm":11926,"minecraft:total_world_time":19804,"minecraft:fall_one_cm":2984},"minecraft:mined":{"minecraft:magma_block":2,"minecraft:furnace":2,"minecraft:iron_ore":5,"minecraft:spruce_door":8,"minecraft:crafting_table":5,"minecraft:granite":1,"minecraft:short_grass":1,"minecraft:coal_ore":24,"minecraft:grass_block":1,"minecraft:oak_log":8,"minecraft:deepslate_iron_ore":7,"minecraft:dirt":6,"minecraft:stone":20,"minecraft:diorite":1}},"DataVersion":3955}