{"stats":{"minecraft:picked_up":{"minecraft:stick":1,"minecraft:crafting_table":1,"minecraft:oak_log":8},"minecraft:custom":{"minecraft:jump":58,"minecraft:time_since_rest":3270,"minecraft:leave_game":1,"minecraft:sprint_one_cm":21813,"minecraft:play_time":3270,"minecraft:time_since_death":3270,"minecraft:walk_one_cm":3741,"minecraft:total_world_time":3270,"minecraft:fall_one_cm":836,"minecraft:fly_one_cm":14586},"minecraft:mined":{"minecraft:short_grass":2,"minecraft:oak_log":8,"minecraft:oak_leaves":4,"minecraft:crafting_table":1}},"DataVersion":3955}