{"stats":{"minecraft:mined":{"minecraft:white_bed":2,"minecraft:oak_door":3,"minecraft:dandelion":2,"minecraft:crafting_table":1,"minecraft:torch":1,"minecraft:short_grass":30,"minecraft:oak_planks":6,"minecraft:seagrass":1,"minecraft:white_carpet":9,"minecraft:pumpkin":19,"minecraft:oak_log":31,"minecraft:oak_stairs":9,"minecraft:stone":21,"minecraft:oak_leaves":23},"minecraft:crafted":{"minecraft:oak_door":3,"minecraft:oak_planks":124,"minecraft:oak_sign":3,"minecraft:crafting_table":3,"minecraft:wooden_pickaxe":1,"minecraft:cooked_salmon":2,"minecraft:white_carpet":12,"minecraft:cooked_mutton":3,"minecraft:bread":6,"minecraft:oak_trapdoor":4,"minecraft:yellow_dye":2,"minecraft:stick":12,"minecraft:oak_stairs":16,"minecraft:wooden_axe":1,"minecraft:white_bed":1,"minecraft:wheat":18},"minecraft:dropped":{"minecraft:bread":4,"minecraft:oak_planks":1},"minecraft:picked_up":{"minecraft:crafting_table":1,"minecraft:cooked_beef":2,"minecraft:salmon":2,"minecraft:oak_stairs":7,"minecraft:oak_log":31,"minecraft:dirt":33,"minecraft:white_carpet":9,"minecraft:wheat_seeds":4,"minecraft:oak_planks":7,"minecraft:oak_door":3,"minecraft:pumpkin":19,"minecraft:torch":1,"minecraft:dandelion":2,"minecraft:porkchop":2,"minecraft:white_bed":2,"minecraft:rotten_flesh":2,"minecraft:cherry_sapling":1,"minecraft:gray_wool":1,"minecraft:bread":10,"minecraft:oak_sapling":1,"minecraft:mutton":4,"minecraft:white_wool":1,"minecraft:cobblestone":21,"minecraft:oxeye_daisy":1},"minecraft:killed":{"minecraft:pig":2,"minecraft:salmon":2,"minecraft:sheep":2,"minecraft:zombie":1},"minecraft:custom":{"minecraft:interact_with_furnace":4,"minecraft:mob_kills":7,"minecraft:interact_with_crafting_table":17,"minecraft:leave_game":14,"minecraft:time_since_death":7915,"minecraft:sleep_in_bed":5,"minecraft:time_since_rest":1512,"minecraft:sprint_one_cm":134159,"minecraft:damage_taken":1912,"minecraft:walk_one_cm":122488,"minecraft:drop":2,"minecraft:damage_dealt":881,"minecraft:swim_one_cm":13653,"minecraft:fly_one_cm":39086,"minecraft:open_chest":8,"minecraft:crouch_one_cm":1061,"minecraft:play_time":72016,"minecraft:deaths":5,"minecraft:sneak_time":1063,"minecraft:walk_under_water_one_cm":9747,"minecraft:jump":458,"minecraft:walk_on_water_one_cm":15692,"minecraft:total_world_time":72016,"minecraft:fall_one_cm":7702},"minecraft:used":{"minecraft:oak_trapdoor":3,"minecraft:cherry_sapling":1,"minecraft:oak_planks":55,"minecraft:oak_sign":2,"minecraft:wooden_pickaxe":23,"minecraft:oak_door":5,"minecraft:torch":1,"minecraft:dirt":27,"minecraft:mutton":1,"minecraft:white_carpet":11,"minecraft:crafting_table":4,"minecraft:white_bed":3,"minecraft:wooden_axe":31,"minecraft:oxeye_daisy":1,"minecraft:oak_stairs":23,"minecraft:bread":4,"minecraft:cobblestone":5,"minecraft:oak_sapling":1,"minecraft:porkchop":2},"minecraft:killed_by":{"minecraft:player":2,"minecraft:creeper":1,"minecraft:zombie":1}},"DataVersion":3955}