{"stats":{"minecraft:killed_by":{"minecraft:skeleton":1,"minecraft:zombie":2},"minecraft:mined":{"minecraft:jungle_leaves":1,"minecraft:crafting_table":3,"minecraft:torch":1,"minecraft:short_grass":24,"minecraft:blast_furnace":1,"minecraft:grass_block":10,"minecraft:chest":1,"minecraft:jungle_log":16,"minecraft:tall_grass":2,"minecraft:sugar_cane":23,"minecraft:wall_torch":1,"minecraft:hay_block":20,"minecraft:furnace":1,"minecraft:iron_ore":6,"minecraft:oak_log":10,"minecraft:coal_ore":33,"minecraft:vine":7,"minecraft:dirt":10,"minecraft:stone":55,"minecraft:oak_leaves":11,"minecraft:fern":4},"minecraft:killed":{"minecraft:pig":4,"minecraft:spider":2,"minecraft:sheep":10,"minecraft:skeleton":3,"minecraft:zombie":4,"minecraft:chicken":7,"minecraft:cow":5},"minecraft:used":{"minecraft:cooked_mutton":3,"minecraft:stone_sword":52,"minecraft:stone_pickaxe":85,"minecraft:shield":12,"minecraft:chest":1,"minecraft:wooden_pickaxe":9,"minecraft:stone_hoe":21,"minecraft:torch":67,"minecraft:dirt":8,"minecraft:crafting_table":5,"minecraft:blast_furnace":1,"minecraft:white_bed":1,"minecraft:bread":4,"minecraft:iron_pickaxe":12,"minecraft:stone_axe":62,"minecraft:wooden_sword":32,"minecraft:cobblestone":2,"minecraft:beef":2,"minecraft:furnace":2,"minecraft:cooked_beef":7},"minecraft:crafted":{"minecraft:cooked_beef":7,"minecraft:wooden_sword":1,"minecraft:oak_planks":40,"minecraft:crafting_table":2,"minecraft:wooden_pickaxe":1,"minecraft:furnace":1,"minecraft:stone_axe":1,"minecraft:cooked_mutton":14,"minecraft:shield":1,"minecraft:stick":32,"minecraft:iron_ingot":5,"minecraft:iron_pickaxe":1,"minecraft:stone_pickaxe":1,"minecraft:stone_sword":1,"minecraft:white_bed":1,"minecraft:torch":72,"minecraft:stone_hoe":2},"minecraft:picked_up":{"minecraft:cocoa_beans":3,"minecraft:crafting_table":3,"minecraft:feather":14,"minecraft:chicken":10,"minecraft:jungle_log":16,"minecraft:leather":5,"minecraft:potato":3,"minecraft:oak_log":10,"minecraft:dirt":20,"minecraft:string":3,"minecraft:wooden_sword":1,"minecraft:bone":2,"minecraft:apple":2,"minecraft:wheat_seeds":4,"minecraft:beef":9,"minecraft:sugar_cane":54,"minecraft:chest":1,"minecraft:stone_hoe":1,"minecraft:oak_planks":8,"minecraft:furnace":1,"minecraft:raw_iron":6,"minecraft:stick":3,"minecraft:torch":3,"minecraft:porkchop":5,"minecraft:blast_furnace":1,"minecraft:spider_eye":1,"minecraft:rotten_flesh":3,"minecraft:arrow":2,"minecraft:hay_block":20,"minecraft:gray_wool":3,"minecraft:bread":2,"minecraft:black_wool":1,"minecraft:mutton":22,"minecraft:coal":37,"minecraft:white_wool":9,"minecraft:cobblestone":55},"minecraft:custom":{"minecraft:interact_with_furnace":12,"minecraft:mob_kills":35,"minecraft:interact_with_crafting_table":11,"minecraft:leave_game":8,"minecraft:time_since_death":15277,"minecraft:climb_one_cm":462,"minecraft:time_since_rest":15339,"minecraft:sprint_one_cm":271404,"minecraft:walk_one_cm":129370,"minecraft:damage_taken":1908,"minecraft:damage_blocked_by_shield":360,"minecraft:drop":11,"minecraft:damage_dealt":3947,"minecraft:swim_one_cm":34905,"minecraft:fly_one_cm":171580,"minecraft:open_chest":8,"minecraft:crouch_one_cm":2760,"minecraft:play_time":52300,"minecraft:deaths":4,"minecraft:sneak_time":1047,"minecraft:walk_under_water_one_cm":6821,"minecraft:jump":987,"minecraft:interact_with_blast_furnace":3,"minecraft:walk_on_water_one_cm":37636,"minecraft:total_world_time":52300,"minecraft:fall_one_cm":16796},"minecraft:dropped":{"minecraft:stone_hoe":1,"minecraft:bread":2,"minecraft:apple":2,"minecraft:potato":3,"minecraft:oak_sapling":1,"minecraft:wooden_sword":1,"minecraft:gold_nugget":2,"minecraft:wooden_pickaxe":1}},"DataVersion":3955}