{"stats":{"minecraft:killed_by":{"minecraft:player":2,"minecraft:skeleton":2,"minecraft:creeper":1,"minecraft:zombie":3,"minecraft:enderman":1},"minecraft:mined":{"minecraft:white_bed":3,"minecraft:oak_door":3,"minecraft:cobblestone_stairs":5,"minecraft:dandelion":2,"minecraft:crafting_table":1,"minecraft:torch":2,"minecraft:granite":1,"minecraft:short_grass":50,"minecraft:grass_block":6,"minecraft:lightning_rod":1,"minecraft:tall_grass":4,"minecraft:copper_ore":21,"minecraft:sugar_cane":12,"minecraft:oak_planks":6,"minecraft:seagrass":1,"minecraft:oak_trapdoor":1,"minecraft:birch_log":7,"minecraft:iron_ore":14,"minecraft:white_carpet":9,"minecraft:andesite":4,"minecraft:pumpkin":19,"minecraft:coal_ore":6,"minecraft:oak_log":43,"minecraft:oak_stairs":9,"minecraft:gravel":3,"minecraft:stone":258,"minecraft:oak_leaves":47},"minecraft:killed":{"minecraft:pig":2,"minecraft:salmon":2,"minecraft:sheep":2,"minecraft:zombie":3},"minecraft:used":{"minecraft:cooked_mutton":3,"minecraft:oak_trapdoor":3,"minecraft:cherry_sapling":1,"minecraft:stone_sword":57,"minecraft:cobblestone_stairs":11,"minecraft:stone_shovel":21,"minecraft:stone_pickaxe":268,"minecraft:oak_planks":79,"minecraft:oak_sign":2,"minecraft:chest":2,"minecraft:wooden_pickaxe":51,"minecraft:iron_sword":1,"minecraft:sugar_cane":15,"minecraft:cooked_salmon":2,"minecraft:oak_door":5,"minecraft:torch":13,"minecraft:dirt":32,"minecraft:mutton":1,"minecraft:white_carpet":11,"minecraft:crafting_table":6,"minecraft:cobblestone_wall":6,"minecraft:white_bed":4,"minecraft:lightning_rod":3,"minecraft:wooden_axe":70,"minecraft:oxeye_daisy":1,"minecraft:oak_stairs":23,"minecraft:bread":12,"minecraft:cobblestone":57,"minecraft:furnace":4,"minecraft:oak_sapling":8,"minecraft:porkchop":2,"minecraft:cooked_beef":2,"minecraft:bone_meal":4},"minecraft:crafted":{"minecraft:oak_door":3,"minecraft:oak_planks":172,"minecraft:stone_shovel":1,"minecraft:oak_sign":3,"minecraft:crafting_table":5,"minecraft:wooden_pickaxe":1,"minecraft:lightning_rod":2,"minecraft:furnace":4,"minecraft:cooked_salmon":2,"minecraft:copper_ingot":15,"minecraft:cobblestone_stairs":12,"minecraft:bone_meal":6,"minecraft:birch_planks":28,"minecraft:white_carpet":12,"minecraft:cooked_mutton":3,"minecraft:bread":6,"minecraft:oak_trapdoor":4,"minecraft:yellow_dye":2,"minecraft:shield":1,"minecraft:stick":28,"minecraft:stone_pickaxe":5,"minecraft:oak_stairs":16,"minecraft:wooden_axe":1,"minecraft:cobblestone_wall":6,"minecraft:stone_sword":1,"minecraft:chest":2,"minecraft:white_bed":1,"minecraft:torch":12,"minecraft:wheat":18},"minecraft:picked_up":{"minecraft:birch_log":7,"minecraft:iron_chestplate":1,"minecraft:crafting_table":1,"minecraft:cooked_beef":2,"minecraft:andesite":5,"minecraft:salmon":2,"minecraft:oak_stairs":7,"minecraft:oak_log":43,"minecraft:cobblestone_stairs":5,"minecraft:oak_trapdoor":1,"minecraft:dirt":39,"minecraft:raw_copper":77,"minecraft:white_carpet":9,"minecraft:bone":2,"minecraft:wheat_seeds":5,"minecraft:iron_ingot":1,"minecraft:iron_pickaxe":1,"minecraft:sugar_cane":15,"minecraft:iron_sword":1,"minecraft:oak_planks":31,"minecraft:stick":5,"minecraft:raw_iron":14,"minecraft:oak_door":3,"minecraft:pumpkin":29,"minecraft:torch":2,"minecraft:dandelion":2,"minecraft:gravel":3,"minecraft:porkchop":2,"minecraft:lightning_rod":1,"minecraft:white_bed":3,"minecraft:arrow":1,"minecraft:stone_shovel":1,"minecraft:sugar":1,"minecraft:rotten_flesh":4,"minecraft:granite":1,"minecraft:cherry_sapling":1,"minecraft:gray_wool":1,"minecraft:bread":10,"minecraft:oak_sapling":8,"minecraft:mutton":4,"minecraft:coal":6,"minecraft:cobblestone":259,"minecraft:white_wool":1,"minecraft:oxeye_daisy":1},"minecraft:custom":{"minecraft:interact_with_furnace":11,"minecraft:mob_kills":9,"minecraft:interact_with_crafting_table":30,"minecraft:leave_game":15,"minecraft:time_since_death":6134,"minecraft:sleep_in_bed":9,"minecraft:time_since_rest":5245,"minecraft:sprint_one_cm":416200,"minecraft:damage_taken":3982,"minecraft:walk_one_cm":266897,"minecraft:drop":12,"minecraft:damage_dealt":2094,"minecraft:swim_one_cm":14873,"minecraft:fly_one_cm":89345,"minecraft:open_chest":10,"minecraft:crouch_one_cm":1323,"minecraft:play_time":135186,"minecraft:deaths":10,"minecraft:sneak_time":1303,"minecraft:walk_under_water_one_cm":11186,"minecraft:jump":1131,"minecraft:walk_on_water_one_cm":20085,"minecraft:total_world_time":135186,"minecraft:fall_one_cm":19523},"minecraft:dropped":{"minecraft:bread":4,"minecraft:stone_shovel":1,"minecraft:oak_planks":25,"minecraft:pumpkin":19},"minecraft:broken":{"minecraft:stone_pickaxe":1,"minecraft:wooden_axe":1}},"DataVersion":3955}