{"stats":{"minecraft:mined":{"minecraft:short_grass":1,"minecraft:tall_grass":3,"minecraft:oak_leaves":1},"minecraft:killed_by":{"minecraft:zombie":1},"minecraft:picked_up":{"minecraft:chicken":1,"minecraft:wheat_seeds":1,"minecraft:mutton":1,"minecraft:string":1,"minecraft:white_wool":1},"minecraft:killed":{"minecraft:sheep":1,"minecraft:spider":1},"minecraft:custom":{"minecraft:time_since_rest":1981,"minecraft:crouch_one_cm":87,"minecraft:play_time":7168,"minecraft:sprint_one_cm":22880,"minecraft:deaths":1,"minecraft:damage_taken":404,"minecraft:walk_one_cm":9867,"minecraft:sneak_time":22,"minecraft:mob_kills":2,"minecraft:jump":108,"minecraft:damage_dealt":240,"minecraft:leave_game":5,"minecraft:time_since_death":1881,"minecraft:total_world_time":7168,"minecraft:fall_one_cm":2986,"minecraft:fly_one_cm":26544}},"DataVersion":3955}