{"stats":{"minecraft:used":{"minecraft:cooked_mutton":1,"minecraft:stone_sword":6,"minecraft:spruce_door":7,"minecraft:stone_pickaxe":44,"minecraft:shield":3,"minecraft:wooden_pickaxe":22,"minecraft:iron_sword":38,"minecraft:torch":4,"minecraft:dirt":7,"minecraft:crafting_table":5,"minecraft:iron_pickaxe":4,"minecraft:iron_boots":1,"minecraft:stone_axe":64,"minecraft:cobblestone":2,"minecraft:magma_block":1,"minecraft:furnace":3,"minecraft:birch_log":3,"minecraft:oak_boat":1,"minecraft:cooked_beef":4},"minecraft:killed":{"minecraft:pig":11,"minecraft:sheep":4,"minecraft:zombie":3,"minecraft:cow":5},"minecraft:dropped":{"minecraft:stone_sword":1,"minecraft:cobblestone":1,"minecraft:rotten_flesh":2,"minecraft:granite":1,"minecraft:diorite":1,"minecraft:wooden_pickaxe":1,"minecraft:stone_pickaxe":1},"minecraft:crafted":{"minecraft:cooked_beef":5,"minecraft:oak_planks":28,"minecraft:stone_shovel":1,"minecraft:crafting_table":1,"minecraft:wooden_pickaxe":1,"minecraft:iron_sword":1,"minecraft:furnace":1,"minecraft:stone_axe":1,"minecraft:cooked_mutton":1,"minecraft:oak_boat":1,"minecraft:iron_boots":1,"minecraft:shield":1,"minecraft:stick":16,"minecraft:iron_ingot":12,"minecraft:iron_pickaxe":1,"minecraft:stone_pickaxe":1,"minecraft:stone_sword":1,"minecraft:torch":12},"minecraft:picked_up":{"minecraft:birch_log":35,"minecraft:crafting_table":5,"minecraft:magma_block":2,"minecraft:leather":3,"minecraft:oak_log":7,"minecraft:dirt":7,"minecraft:bone":2,"minecraft:beef":11,"minecraft:furnace":3,"minecraft:raw_iron":12,"minecraft:porkchop":20,"minecraft:diorite":1,"minecraft:spruce_door":8,"minecraft:arrow":2,"minecraft:rotten_flesh":3,"minecraft:granite":1,"minecraft:mutton":4,"minecraft:coal":17,"minecraft:white_wool":4,"minecraft:cobblestone":22},"minecraft:custom":{"minecraft:interact_with_furnace":16,"minecraft:mob_kills":23,"minecraft:interact_with_crafting_table":9,"minecraft:leave_game":5,"minecraft:time_since_death":34081,"minecraft:time_since_rest":34081,"minecraft:sprint_one_cm":100683,"minecraft:damage_taken":225,"minecraft:walk_one_cm":34423,"minecraft:damage_blocked_by_shield":90,"minecraft:drop":7,"minecraft:damage_dealt":2641,"minecraft:swim_one_cm":114670,"minecraft:fly_one_cm":96393,"minecraft:open_chest":2,"minecraft:crouch_one_cm":4916,"minecraft:play_time":34081,"minecraft:sneak_time":3491,"minecraft:walk_under_water_one_cm":18722,"minecraft:boat_one_cm":66297,"minecraft:jump":554,"minecraft:walk_on_water_one_cm":20339,"minecraft:total_world_time":34081,"minecraft:fall_one_cm":11776},"minecraft:mined":{"minecraft:spruce_door":8,"minecraft:crafting_table":5,"minecraft:granite":1,"minecraft:short_grass":5,"minecraft:grass_block":1,"minecraft:diorite":1,"minecraft:seagrass":1,"minecraft:magma_block":2,"minecraft:furnace":3,"minecraft:birch_log":35,"minecraft:iron_ore":5,"minecraft:birch_leaves":6,"minecraft:oak_log":8,"minecraft:coal_ore":24,"minecraft:deepslate_iron_ore":7,"minecraft:dirt":6,"minecraft:stone":22}},"DataVersion":3955}