{"stats":{"minecraft:killed_by":{"minecraft:skeleton":1,"minecraft:zombie":1,"minecraft:player":4},"minecraft:killed":{"minecraft:sheep":2,"minecraft:spider":1},"minecraft:picked_up":{"minecraft:chicken":1,"minecraft:wheat_seeds":7,"minecraft:mutton":2,"minecraft:white_wool":2,"minecraft:dirt":63,"minecraft:string":1},"minecraft:used":{"minecraft:dirt":2},"minecraft:mined":{"minecraft:short_grass":22,"minecraft:grass_block":2,"minecraft:tall_grass":7,"minecraft:oak_leaves":1},"minecraft:custom":{"minecraft:time_since_rest":3024,"minecraft:crouch_one_cm":87,"minecraft:play_time":12900,"minecraft:sprint_one_cm":31146,"minecraft:damage_taken":1757,"minecraft:deaths":6,"minecraft:walk_one_cm":15566,"minecraft:sneak_time":22,"minecraft:mob_kills":3,"minecraft:jump":206,"minecraft:damage_dealt":377,"minecraft:leave_game":8,"minecraft:time_since_death":2720,"minecraft:total_world_time":12900,"minecraft:fall_one_cm":6146,"minecraft:fly_one_cm":46466}},"DataVersion":3955}