{"stats":{"minecraft:used":{"minecraft:cooked_mutton":7,"minecraft:stone_sword":55,"minecraft:stone_pickaxe":92,"minecraft:chest":1,"minecraft:wooden_pickaxe":11,"minecraft:torch":7,"minecraft:crafting_table":6,"minecraft:iron_pickaxe":31,"minecraft:stone_axe":16,"minecraft:furnace":4,"minecraft:yellow_bed":3},"minecraft:picked_up":{"minecraft:cocoa_beans":1,"minecraft:crafting_table":5,"minecraft:feather":6,"minecraft:chicken":6,"minecraft:jungle_log":5,"minecraft:yellow_wool":1,"minecraft:leather":6,"minecraft:oak_log":4,"minecraft:yellow_bed":1,"minecraft:gunpowder":1,"minecraft:dirt":5,"minecraft:string":2,"minecraft:raw_copper":2,"minecraft:wheat_seeds":11,"minecraft:beef":9,"minecraft:furnace":2,"minecraft:stick":1,"minecraft:raw_iron":4,"minecraft:torch":3,"minecraft:dandelion":6,"minecraft:porkchop":7,"minecraft:spider_eye":1,"minecraft:rotten_flesh":2,"minecraft:gray_wool":1,"minecraft:mutton":20,"minecraft:coal":84,"minecraft:white_wool":14,"minecraft:cobblestone":48},"minecraft:mined":{"minecraft:jungle_leaves":3,"minecraft:dandelion":6,"minecraft:crafting_table":5,"minecraft:torch":1,"minecraft:short_grass":61,"minecraft:grass_block":1,"minecraft:jungle_log":5,"minecraft:tall_grass":21,"minecraft:wall_torch":2,"minecraft:furnace":2,"minecraft:iron_ore":4,"minecraft:yellow_bed":1,"minecraft:coal_ore":84,"minecraft:oak_log":4,"minecraft:vine":1,"minecraft:stone":43,"minecraft:oak_leaves":5},"minecraft:dropped":{"minecraft:wheat_seeds":10,"minecraft:yellow_wool":1,"minecraft:rotten_flesh":2},"minecraft:killed":{"minecraft:pig":4,"minecraft:spider":1,"minecraft:creeper":1,"minecraft:sheep":15,"minecraft:zombie":1,"minecraft:chicken":6,"minecraft:cow":5},"minecraft:custom":{"minecraft:interact_with_furnace":17,"minecraft:mob_kills":33,"minecraft:interact_with_crafting_table":14,"minecraft:leave_game":4,"minecraft:time_since_death":29919,"minecraft:sleep_in_bed":5,"minecraft:climb_one_cm":24,"minecraft:time_since_rest":1810,"minecraft:sprint_one_cm":86099,"minecraft:damage_taken":323,"minecraft:walk_one_cm":47293,"minecraft:drop":11,"minecraft:damage_dealt":3031,"minecraft:swim_one_cm":1930,"minecraft:fly_one_cm":151286,"minecraft:open_chest":1,"minecraft:crouch_one_cm":1017,"minecraft:play_time":29919,"minecraft:sneak_time":384,"minecraft:walk_under_water_one_cm":137,"minecraft:jump":707,"minecraft:walk_on_water_one_cm":542,"minecraft:total_world_time":29919,"minecraft:fall_one_cm":21805},"minecraft:crafted":{"minecraft:yellow_wool":6,"minecraft:oak_planks":16,"minecraft:crafting_table":1,"minecraft:wooden_pickaxe":1,"minecraft:furnace":2,"minecraft:yellow_bed":2,"minecraft:stone_axe":1,"minecraft:cooked_mutton":8,"minecraft:air":0,"minecraft:jungle_planks":20,"minecraft:yellow_dye":6,"minecraft:shield":1,"minecraft:stick":12,"minecraft:iron_ingot":4,"minecraft:iron_pickaxe":1,"minecraft:stone_pickaxe":1,"minecraft:stone_sword":1,"minecraft:chest":1,"minecraft:torch":4}},"DataVersion":3955}