{"stats":{"minecraft:killed_by":{"minecraft:creeper":1,"minecraft:zombie":1},"minecraft:mined":{"minecraft:tuff":10,"minecraft:deepslate_diamond_ore":38,"minecraft:cherry_log":16,"minecraft:jungle_leaves":3,"minecraft:obsidian":14,"minecraft:grass_block":229,"minecraft:jungle_log":5,"minecraft:hay_block":32,"minecraft:tall_seagrass":4,"minecraft:oak_trapdoor":4,"minecraft:furnace":2,"minecraft:iron_ore":32,"minecraft:andesite":1,"minecraft:deepslate_lapis_ore":9,"minecraft:bookshelf":5,"minecraft:vine":1,"minecraft:deepslate_iron_ore":9,"minecraft:stone":64,"minecraft:deepslate_redstone_ore":12,"minecraft:dandelion":8,"minecraft:crafting_table":8,"minecraft:torch":1,"minecraft:short_grass":705,"minecraft:lectern":1,"minecraft:cobblestone":13,"minecraft:tall_grass":87,"minecraft:deepslate_gold_ore":9,"minecraft:lapis_ore":3,"minecraft:oak_planks":2,"minecraft:sugar_cane":8,"minecraft:wall_torch":3,"minecraft:pink_petals":3,"minecraft:seagrass":1,"minecraft:birch_log":4,"minecraft:birch_leaves":1,"minecraft:yellow_bed":1,"minecraft:oak_log":14,"minecraft:coal_ore":115,"minecraft:cherry_leaves":5,"minecraft:sand":12,"minecraft:dirt":104,"minecraft:oak_leaves":14,"minecraft:deepslate":47},"minecraft:killed":{"minecraft:witch":1,"minecraft:spider":4,"minecraft:skeleton":13,"minecraft:chicken":8,"minecraft:pig":19,"minecraft:salmon":3,"minecraft:creeper":2,"minecraft:squid":1,"minecraft:sheep":16,"minecraft:zombie":26,"minecraft:cow":10},"minecraft:used":{"minecraft:oak_trapdoor":4,"minecraft:cherry_sapling":7,"minecraft:enchanting_table":1,"minecraft:stone_sword":143,"minecraft:stone_shovel":350,"minecraft:poppy":1,"minecraft:chest":2,"minecraft:shield":9,"minecraft:iron_sword":100,"minecraft:cooked_chicken":1,"minecraft:torch":78,"minecraft:dirt":327,"minecraft:diamond_helmet":1,"minecraft:tuff":10,"minecraft:granite":2,"minecraft:lava_bucket":1,"minecraft:bookshelf":5,"minecraft:oak_stairs":3,"minecraft:bow":1,"minecraft:furnace":6,"minecraft:cooked_cod":6,"minecraft:cooked_beef":11,"minecraft:cobbled_deepslate":53,"minecraft:cooked_mutton":22,"minecraft:water_bucket":32,"minecraft:stone_pickaxe":92,"minecraft:oak_planks":26,"minecraft:birch_boat":1,"minecraft:wooden_pickaxe":11,"minecraft:diamond_axe":7,"minecraft:sugar_cane":21,"minecraft:sand":4,"minecraft:crafting_table":12,"minecraft:diamond_pickaxe":125,"minecraft:cornflower":1,"minecraft:map":1,"minecraft:string":1,"minecraft:iron_pickaxe":152,"minecraft:suspicious_stew":1,"minecraft:lectern":1,"minecraft:stone_axe":78,"minecraft:diamond_sword":33,"minecraft:fire_charge":1,"minecraft:cobblestone":31,"minecraft:cooked_porkchop":25,"minecraft:bucket":34,"minecraft:yellow_bed":4,"minecraft:dandelion":4,"minecraft:diamond_leggings":1},"minecraft:crafted":{"minecraft:cherry_planks":64,"minecraft:yellow_wool":6,"minecraft:oak_planks":56,"minecraft:stone_shovel":3,"minecraft:birch_boat":1,"minecraft:cooked_chicken":1,"minecraft:furnace":4,"minecraft:yellow_bed":2,"minecraft:bookshelf":5,"minecraft:cooked_mutton":22,"minecraft:diamond_helmet":1,"minecraft:diamond_leggings":1,"minecraft:bow":1,"minecraft:stone_pickaxe":1,"minecraft:chest":2,"minecraft:diamond_boots":1,"minecraft:cooked_beef":16,"minecraft:diamond_sword":1,"minecraft:cooked_porkchop":34,"minecraft:diamond_axe":1,"minecraft:crafting_table":4,"minecraft:enchanting_table":1,"minecraft:wooden_pickaxe":1,"minecraft:iron_sword":1,"minecraft:bucket":1,"minecraft:birch_planks":16,"minecraft:stone_axe":1,"minecraft:air":0,"minecraft:jungle_planks":20,"minecraft:book":3,"minecraft:iron_chestplate":1,"minecraft:diamond_pickaxe":1,"minecraft:yellow_dye":6,"minecraft:shield":1,"minecraft:stick":40,"minecraft:iron_ingot":17,"minecraft:iron_pickaxe":1,"minecraft:stone_sword":1,"minecraft:torch":84,"minecraft:diamond_chestplate":1},"minecraft:picked_up":{"minecraft:cocoa_beans":1,"minecraft:iron_chestplate":1,"minecraft:crafting_table":8,"minecraft:chicken":8,"minecraft:yellow_wool":1,"minecraft:oak_stairs":3,"minecraft:oak_trapdoor":4,"minecraft:cornflower":1,"minecraft:string":4,"minecraft:raw_copper":2,"minecraft:cobbled_deepslate":56,"minecraft:beef":18,"minecraft:poppy":1,"minecraft:lectern":1,"minecraft:sugar_cane":22,"minecraft:furnace":2,"minecraft:stick":2,"minecraft:raw_iron":41,"minecraft:torch":5,"minecraft:porkchop":34,"minecraft:cherry_log":16,"minecraft:carrot":1,"minecraft:redstone":59,"minecraft:arrow":15,"minecraft:rotten_flesh":22,"minecraft:hay_block":32,"minecraft:obsidian":14,"minecraft:mutton":22,"minecraft:white_wool":15,"minecraft:cobblestone":80,"minecraft:birch_log":4,"minecraft:pink_petals":8,"minecraft:feather":7,"minecraft:cooked_beef":3,"minecraft:andesite":1,"minecraft:jungle_log":5,"minecraft:salmon":3,"minecraft:leather":9,"minecraft:potato":1,"minecraft:tuff":10,"minecraft:oak_log":14,"minecraft:yellow_bed":2,"minecraft:gunpowder":2,"minecraft:lapis_lazuli":89,"minecraft:dirt":347,"minecraft:bone":11,"minecraft:bow":3,"minecraft:wheat_seeds":82,"minecraft:raw_gold":9,"minecraft:oak_planks":5,"minecraft:iron_sword":1,"minecraft:book":15,"minecraft:pumpkin":19,"minecraft:dandelion":10,"minecraft:gravel":2,"minecraft:sand":12,"minecraft:ink_sac":3,"minecraft:spider_eye":2,"minecraft:sugar":1,"minecraft:diamond":37,"minecraft:granite":2,"minecraft:cherry_sapling":7,"minecraft:gray_wool":1,"minecraft:oak_sapling":1,"minecraft:coal":116},"minecraft:custom":{"minecraft:mob_kills":107,"minecraft:interact_with_crafting_table":39,"minecraft:leave_game":16,"minecraft:time_since_death":43101,"minecraft:climb_one_cm":24,"minecraft:sprint_one_cm":543542,"minecraft:walk_one_cm":331065,"minecraft:damage_blocked_by_shield":593,"minecraft:drop":66,"minecraft:talked_to_villager":2,"minecraft:play_time":207592,"minecraft:deaths":3,"minecraft:sneak_time":5240,"minecraft:walk_under_water_one_cm":14850,"minecraft:boat_one_cm":60147,"minecraft:jump":4608,"minecraft:walk_on_water_one_cm":38464,"minecraft:total_world_time":207592,"minecraft:interact_with_furnace":41,"minecraft:sleep_in_bed":19,"minecraft:time_since_rest":15056,"minecraft:damage_taken":4913,"minecraft:damage_dealt":15783,"minecraft:player_kills":6,"minecraft:swim_one_cm":57768,"minecraft:fly_one_cm":982809,"minecraft:open_chest":39,"minecraft:crouch_one_cm":12235,"minecraft:fall_one_cm":125594},"minecraft:dropped":{"minecraft:bread":6,"minecraft:iron_sword":2,"minecraft:wheat_seeds":34,"minecraft:cooked_beef":5,"minecraft:leather_helmet":1,"minecraft:dirt":13,"minecraft:pumpkin":10,"minecraft:sand":3,"minecraft:sugar":1,"minecraft:iron_pickaxe":1,"minecraft:gravel":2,"minecraft:stone_axe":1,"minecraft:sugar_cane":1,"minecraft:cobbled_deepslate":3,"minecraft:bowl":1,"minecraft:yellow_wool":1,"minecraft:rotten_flesh":16,"minecraft:gunpowder":1,"minecraft:iron_chestplate":2,"minecraft:andesite":1,"minecraft:oak_sapling":1,"minecraft:spider_eye":1,"minecraft:bow":1},"minecraft:broken":{"minecraft:stone_sword":1,"minecraft:stone_shovel":2}},"DataVersion":3955}