{"stats":{"minecraft:custom":{"minecraft:interact_with_furnace":32,"minecraft:mob_kills":63,"minecraft:interact_with_crafting_table":23,"minecraft:leave_game":10,"minecraft:time_since_death":79767,"minecraft:sleep_in_bed":14,"minecraft:climb_one_cm":24,"minecraft:time_since_rest":5450,"minecraft:sprint_one_cm":297020,"minecraft:damage_taken":1976,"minecraft:walk_one_cm":186190,"minecraft:drop":24,"minecraft:damage_dealt":7315,"minecraft:swim_one_cm":12627,"minecraft:talked_to_villager":2,"minecraft:fly_one_cm":522757,"minecraft:player_kills":2,"minecraft:open_chest":22,"minecraft:crouch_one_cm":2684,"minecraft:play_time":111173,"minecraft:deaths":1,"minecraft:sneak_time":1056,"minecraft:walk_under_water_one_cm":3147,"minecraft:jump":2245,"minecraft:walk_on_water_one_cm":6140,"minecraft:total_world_time":111173,"minecraft:fall_one_cm":65520},"minecraft:crafted":{"minecraft:cooked_beef":16,"minecraft:oak_planks":40,"minecraft:yellow_wool":6,"minecraft:stone_shovel":3,"minecraft:cooked_porkchop":34,"minecraft:crafting_table":2,"minecraft:wooden_pickaxe":1,"minecraft:cooked_chicken":1,"minecraft:furnace":4,"minecraft:yellow_bed":2,"minecraft:birch_planks":16,"minecraft:stone_axe":1,"minecraft:cooked_mutton":22,"minecraft:air":0,"minecraft:jungle_planks":20,"minecraft:yellow_dye":6,"minecraft:shield":1,"minecraft:stick":16,"minecraft:iron_ingot":4,"minecraft:iron_pickaxe":1,"minecraft:stone_pickaxe":1,"minecraft:stone_sword":1,"minecraft:chest":2,"minecraft:torch":8},"minecraft:used":{"minecraft:cooked_mutton":22,"minecraft:cherry_sapling":7,"minecraft:stone_sword":143,"minecraft:stone_shovel":291,"minecraft:stone_pickaxe":92,"minecraft:poppy":1,"minecraft:chest":2,"minecraft:wooden_pickaxe":11,"minecraft:cooked_chicken":1,"minecraft:torch":10,"minecraft:dirt":240,"minecraft:crafting_table":8,"minecraft:cornflower":1,"minecraft:iron_pickaxe":68,"minecraft:lectern":1,"minecraft:stone_axe":56,"minecraft:cobblestone":2,"minecraft:furnace":6,"minecraft:cooked_porkchop":2,"minecraft:yellow_bed":4,"minecraft:cooked_beef":6,"minecraft:dandelion":2},"minecraft:killed":{"minecraft:pig":19,"minecraft:spider":3,"minecraft:creeper":1,"minecraft:skeleton":1,"minecraft:sheep":16,"minecraft:zombie":5,"minecraft:chicken":7,"minecraft:cow":8},"minecraft:dropped":{"minecraft:wheat_seeds":25,"minecraft:yellow_wool":1,"minecraft:rotten_flesh":4,"minecraft:dirt":12,"minecraft:sand":3},"minecraft:picked_up":{"minecraft:birch_log":4,"minecraft:pink_petals":8,"minecraft:cocoa_beans":1,"minecraft:crafting_table":6,"minecraft:feather":6,"minecraft:chicken":7,"minecraft:jungle_log":5,"minecraft:yellow_wool":1,"minecraft:leather":7,"minecraft:oak_log":10,"minecraft:yellow_bed":2,"minecraft:gunpowder":1,"minecraft:cornflower":1,"minecraft:string":2,"minecraft:dirt":281,"minecraft:raw_copper":2,"minecraft:wheat_seeds":48,"minecraft:beef":16,"minecraft:poppy":1,"minecraft:lectern":1,"minecraft:furnace":2,"minecraft:stick":1,"minecraft:raw_iron":4,"minecraft:torch":3,"minecraft:dandelion":8,"minecraft:porkchop":34,"minecraft:sand":8,"minecraft:cherry_log":16,"minecraft:spider_eye":1,"minecraft:arrow":3,"minecraft:rotten_flesh":5,"minecraft:hay_block":32,"minecraft:cherry_sapling":7,"minecraft:gray_wool":1,"minecraft:mutton":22,"minecraft:coal":106,"minecraft:white_wool":15,"minecraft:cobblestone":63},"minecraft:broken":{"minecraft:stone_sword":1,"minecraft:stone_shovel":2},"minecraft:mined":{"minecraft:cherry_log":16,"minecraft:jungle_leaves":3,"minecraft:dandelion":6,"minecraft:crafting_table":6,"minecraft:torch":1,"minecraft:short_grass":431,"minecraft:grass_block":181,"minecraft:jungle_log":5,"minecraft:lectern":1,"minecraft:tall_grass":53,"minecraft:cobblestone":2,"minecraft:wall_torch":2,"minecraft:pink_petals":3,"minecraft:hay_block":32,"minecraft:furnace":2,"minecraft:birch_log":4,"minecraft:iron_ore":4,"minecraft:birch_leaves":1,"minecraft:yellow_bed":1,"minecraft:coal_ore":106,"minecraft:oak_log":10,"minecraft:vine":1,"minecraft:cherry_leaves":5,"minecraft:sand":8,"minecraft:dirt":98,"minecraft:stone":56,"minecraft:oak_leaves":8}},"DataVersion":3955}