{"stats":{"minecraft:used":{"minecraft:stone_sword":29,"minecraft:stone_pickaxe":90,"minecraft:wooden_pickaxe":16,"minecraft:sugar_cane":33,"minecraft:rotten_flesh":5,"minecraft:jungle_boat":2,"minecraft:torch":1,"minecraft:dirt":5,"minecraft:crafting_table":3,"minecraft:chicken":1,"minecraft:stone_axe":38,"minecraft:golden_carrot":3,"minecraft:beef":5,"minecraft:porkchop":2,"minecraft:andesite":1,"minecraft:yellow_bed":3},"minecraft:killed":{"minecraft:pig":1,"minecraft:skeleton":1,"minecraft:zombie":5,"minecraft:chicken":1,"minecraft:drowned":1,"minecraft:cow":2},"minecraft:dropped":{"minecraft:rotten_flesh":1,"minecraft:wooden_pickaxe":1},"minecraft:crafted":{"minecraft:oak_planks":60,"minecraft:crafting_table":3,"minecraft:jungle_boat":2,"minecraft:wooden_pickaxe":1,"minecraft:stone_axe":1,"minecraft:jungle_planks":24,"minecraft:stick":8,"minecraft:stone_pickaxe":1,"minecraft:stone_sword":1},"minecraft:picked_up":{"minecraft:crafting_table":1,"minecraft:chicken":1,"minecraft:jungle_log":6,"minecraft:andesite":1,"minecraft:oak_log":15,"minecraft:yellow_bed":4,"minecraft:dirt":22,"minecraft:raw_copper":36,"minecraft:bone":2,"minecraft:kelp":2,"minecraft:bow":1,"minecraft:wheat_seeds":4,"minecraft:beef":5,"minecraft:iron_ingot":1,"minecraft:sugar_cane":33,"minecraft:raw_iron":2,"minecraft:torch":1,"minecraft:porkchop":2,"minecraft:rotten_flesh":6,"minecraft:granite":1,"minecraft:coal":19,"minecraft:cobblestone":61},"minecraft:custom":{"minecraft:mob_kills":11,"minecraft:interact_with_crafting_table":7,"minecraft:leave_game":2,"minecraft:time_since_death":36961,"minecraft:sleep_in_bed":4,"minecraft:climb_one_cm":396,"minecraft:time_since_rest":1970,"minecraft:sprint_one_cm":87488,"minecraft:damage_taken":535,"minecraft:walk_one_cm":92683,"minecraft:drop":2,"minecraft:damage_dealt":1591,"minecraft:swim_one_cm":20783,"minecraft:fly_one_cm":69795,"minecraft:open_chest":5,"minecraft:crouch_one_cm":274,"minecraft:play_time":36961,"minecraft:sneak_time":808,"minecraft:walk_under_water_one_cm":4511,"minecraft:boat_one_cm":134562,"minecraft:jump":401,"minecraft:walk_on_water_one_cm":11831,"minecraft:total_world_time":36961,"minecraft:fall_one_cm":3940},"minecraft:mined":{"minecraft:kelp_plant":1,"minecraft:crafting_table":1,"minecraft:torch":1,"minecraft:granite":1,"minecraft:short_grass":35,"minecraft:grass_block":6,"minecraft:jungle_log":6,"minecraft:copper_ore":10,"minecraft:tall_grass":1,"minecraft:sugar_cane":24,"minecraft:seagrass":1,"minecraft:tall_seagrass":3,"minecraft:iron_ore":2,"minecraft:andesite":1,"minecraft:yellow_bed":3,"minecraft:oak_log":15,"minecraft:coal_ore":19,"minecraft:vine":2,"minecraft:dirt":16,"minecraft:stone":61,"minecraft:oak_leaves":8,"minecraft:fern":3}},"DataVersion":3955}