{"stats":{"minecraft:custom":{"minecraft:interact_with_furnace":3,"minecraft:mob_kills":14,"minecraft:interact_with_crafting_table":8,"minecraft:leave_game":2,"minecraft:time_since_death":42933,"minecraft:sleep_in_bed":5,"minecraft:climb_one_cm":396,"minecraft:time_since_rest":2940,"minecraft:sprint_one_cm":109429,"minecraft:damage_taken":565,"minecraft:walk_one_cm":111435,"minecraft:drop":3,"minecraft:damage_dealt":2071,"minecraft:swim_one_cm":20783,"minecraft:fly_one_cm":99184,"minecraft:open_chest":6,"minecraft:crouch_one_cm":274,"minecraft:play_time":42933,"minecraft:sneak_time":809,"minecraft:walk_under_water_one_cm":4511,"minecraft:boat_one_cm":134562,"minecraft:jump":537,"minecraft:walk_on_water_one_cm":11919,"minecraft:total_world_time":42933,"minecraft:fall_one_cm":6715},"minecraft:dropped":{"minecraft:stone_sword":1,"minecraft:rotten_flesh":1,"minecraft:wooden_pickaxe":1},"minecraft:crafted":{"minecraft:oak_planks":60,"minecraft:crafting_table":3,"minecraft:jungle_boat":2,"minecraft:wooden_pickaxe":1,"minecraft:stone_axe":1,"minecraft:jungle_planks":24,"minecraft:stick":8,"minecraft:stone_pickaxe":1,"minecraft:stone_sword":1},"minecraft:picked_up":{"minecraft:crafting_table":1,"minecraft:chicken":1,"minecraft:andesite":1,"minecraft:jungle_log":6,"minecraft:oak_log":15,"minecraft:yellow_bed":5,"minecraft:dirt":22,"minecraft:raw_copper":36,"minecraft:bone":7,"minecraft:kelp":2,"minecraft:bow":1,"minecraft:wheat_seeds":5,"minecraft:beef":5,"minecraft:iron_ingot":1,"minecraft:sugar_cane":59,"minecraft:raw_iron":2,"minecraft:torch":1,"minecraft:porkchop":2,"minecraft:stone_sword":1,"minecraft:arrow":2,"minecraft:rotten_flesh":6,"minecraft:granite":1,"minecraft:black_wool":1,"minecraft:mutton":1,"minecraft:coal":19,"minecraft:cobblestone":74},"minecraft:killed":{"minecraft:pig":1,"minecraft:sheep":1,"minecraft:skeleton":1,"minecraft:zombie":7,"minecraft:chicken":1,"minecraft:drowned":1,"minecraft:cow":2},"minecraft:mined":{"minecraft:kelp_plant":1,"minecraft:crafting_table":1,"minecraft:torch":1,"minecraft:short_grass":42,"minecraft:granite":1,"minecraft:grass_block":6,"minecraft:jungle_log":6,"minecraft:copper_ore":10,"minecraft:tall_grass":1,"minecraft:sugar_cane":51,"minecraft:seagrass":1,"minecraft:tall_seagrass":3,"minecraft:iron_ore":2,"minecraft:andesite":1,"minecraft:yellow_bed":4,"minecraft:coal_ore":19,"minecraft:oak_log":15,"minecraft:vine":2,"minecraft:dirt":16,"minecraft:stone":74,"minecraft:oak_leaves":8,"minecraft:fern":3},"minecraft:used":{"minecraft:stone_sword":38,"minecraft:stone_pickaxe":103,"minecraft:wooden_pickaxe":16,"minecraft:sugar_cane":59,"minecraft:rotten_flesh":5,"minecraft:jungle_boat":2,"minecraft:torch":1,"minecraft:dirt":5,"minecraft:crafting_table":3,"minecraft:chicken":1,"minecraft:stone_axe":38,"minecraft:golden_carrot":4,"minecraft:beef":5,"minecraft:porkchop":2,"minecraft:andesite":1,"minecraft:yellow_bed":4}},"DataVersion":3955}