{"stats":{"minecraft:custom":{"minecraft:interact_with_furnace":5,"minecraft:mob_kills":18,"minecraft:interact_with_crafting_table":12,"minecraft:leave_game":2,"minecraft:time_since_death":54933,"minecraft:sleep_in_bed":6,"minecraft:climb_one_cm":1352,"minecraft:time_since_rest":1612,"minecraft:sprint_one_cm":155242,"minecraft:damage_taken":615,"minecraft:walk_one_cm":141908,"minecraft:drop":8,"minecraft:damage_dealt":2461,"minecraft:swim_one_cm":21877,"minecraft:fly_one_cm":190667,"minecraft:open_chest":10,"minecraft:crouch_one_cm":274,"minecraft:play_time":54933,"minecraft:sneak_time":810,"minecraft:walk_under_water_one_cm":4606,"minecraft:boat_one_cm":134562,"minecraft:jump":916,"minecraft:walk_on_water_one_cm":12058,"minecraft:total_world_time":54933,"minecraft:fall_one_cm":17401},"minecraft:dropped":{"minecraft:wheat_seeds":1,"minecraft:stone_sword":1,"minecraft:rotten_flesh":1,"minecraft:granite":1,"minecraft:dirt":19,"minecraft:magenta_dye":4,"minecraft:wooden_pickaxe":1},"minecraft:crafted":{"minecraft:oak_planks":60,"minecraft:crafting_table":4,"minecraft:jungle_boat":2,"minecraft:wooden_pickaxe":1,"minecraft:stone_axe":1,"minecraft:bread":123,"minecraft:cooked_mutton":1,"minecraft:air":0,"minecraft:jungle_planks":24,"minecraft:stick":12,"minecraft:stone_pickaxe":2,"minecraft:stone_sword":1,"minecraft:magenta_dye":4,"minecraft:wheat":369},"minecraft:picked_up":{"minecraft:birch_log":14,"minecraft:crafting_table":3,"minecraft:lilac":2,"minecraft:chicken":1,"minecraft:andesite":1,"minecraft:jungle_log":6,"minecraft:oak_log":26,"minecraft:brewing_stand":1,"minecraft:yellow_bed":7,"minecraft:dirt":33,"minecraft:raw_copper":36,"minecraft:bone":7,"minecraft:kelp":2,"minecraft:bow":1,"minecraft:wheat_seeds":5,"minecraft:cartography_table":1,"minecraft:beef":5,"minecraft:iron_ingot":1,"minecraft:sugar_cane":59,"minecraft:raw_iron":2,"minecraft:composter":1,"minecraft:torch":1,"minecraft:porkchop":6,"minecraft:stone_sword":1,"minecraft:arrow":2,"minecraft:rotten_flesh":6,"minecraft:hay_block":41,"minecraft:granite":1,"minecraft:black_wool":1,"minecraft:mutton":5,"minecraft:coal":19,"minecraft:white_wool":3,"minecraft:cobblestone":103},"minecraft:killed":{"minecraft:pig":3,"minecraft:sheep":3,"minecraft:skeleton":1,"minecraft:zombie":7,"minecraft:chicken":1,"minecraft:drowned":1,"minecraft:cow":2},"minecraft:mined":{"minecraft:kelp_plant":1,"minecraft:brewing_stand":1,"minecraft:crafting_table":3,"minecraft:torch":1,"minecraft:short_grass":50,"minecraft:granite":1,"minecraft:grass_block":12,"minecraft:jungle_log":6,"minecraft:copper_ore":10,"minecraft:tall_grass":3,"minecraft:cobblestone":1,"minecraft:composter":1,"minecraft:cartography_table":1,"minecraft:sugar_cane":51,"minecraft:hay_block":41,"minecraft:seagrass":1,"minecraft:tall_seagrass":3,"minecraft:birch_log":14,"minecraft:iron_ore":2,"minecraft:lilac":3,"minecraft:andesite":1,"minecraft:yellow_bed":6,"minecraft:coal_ore":19,"minecraft:oak_log":26,"minecraft:vine":2,"minecraft:dirt":21,"minecraft:stone":102,"minecraft:white_wool":1,"minecraft:oak_leaves":9,"minecraft:fern":3},"minecraft:used":{"minecraft:cooked_mutton":1,"minecraft:stone_sword":42,"minecraft:stone_pickaxe":133,"minecraft:wooden_pickaxe":16,"minecraft:sugar_cane":59,"minecraft:rotten_flesh":5,"minecraft:jungle_boat":2,"minecraft:white_wool":1,"minecraft:torch":1,"minecraft:dirt":5,"minecraft:crafting_table":6,"minecraft:chicken":1,"minecraft:bread":2,"minecraft:stone_axe":69,"minecraft:cobblestone":3,"minecraft:golden_carrot":4,"minecraft:beef":5,"minecraft:porkchop":2,"minecraft:andesite":1,"minecraft:yellow_bed":5},"minecraft:broken":{"minecraft:stone_pickaxe":1}},"DataVersion":3955}