{"stats":{"minecraft:mined":{"minecraft:large_amethyst_bud":1,"minecraft:deepslate_diamond_ore":1,"minecraft:brewing_stand":1,"minecraft:waxed_oxidized_chiseled_copper":1,"minecraft:granite":4,"minecraft:grass_block":14,"minecraft:decorated_pot":47,"minecraft:jungle_log":6,"minecraft:chiseled_tuff_bricks":4,"minecraft:cartography_table":1,"minecraft:red_mushroom":1,"minecraft:composter":1,"minecraft:tuff_bricks":34,"minecraft:hay_block":41,"minecraft:tall_seagrass":3,"minecraft:waxed_oxidized_cut_copper":1,"minecraft:furnace":1,"minecraft:fire":4,"minecraft:iron_ore":111,"minecraft:cobbled_deepslate":1,"minecraft:polished_tuff":5,"minecraft:andesite":2,"minecraft:deepslate_lapis_ore":9,"minecraft:chiseled_tuff":1,"minecraft:vine":2,"minecraft:deepslate_iron_ore":2,"minecraft:packed_ice":1,"minecraft:stone":144,"minecraft:white_wool":1,"minecraft:kelp_plant":1,"minecraft:crafting_table":5,"minecraft:torch":13,"minecraft:short_grass":50,"minecraft:tall_grass":3,"minecraft:copper_ore":10,"minecraft:cobblestone":3,"minecraft:sugar_cane":51,"minecraft:oak_planks":19,"minecraft:waxed_chiseled_copper":1,"minecraft:wall_torch":30,"minecraft:amethyst_block":1,"minecraft:seagrass":1,"minecraft:waxed_copper_bulb":3,"minecraft:birch_planks":5,"minecraft:waxed_oxidized_copper_grate":4,"minecraft:birch_log":14,"minecraft:magenta_bed":1,"minecraft:lilac":3,"minecraft:waxed_copper_block":3,"minecraft:yellow_bed":7,"minecraft:oak_log":67,"minecraft:coal_ore":60,"minecraft:gravel":3,"minecraft:dripstone_block":1,"minecraft:dirt":22,"minecraft:cobweb":23,"minecraft:oak_leaves":13,"minecraft:deepslate":10,"minecraft:fern":3},"minecraft:picked_up":{"minecraft:crafting_table":5,"minecraft:ominous_bottle":1,"minecraft:chicken":1,"minecraft:potion":2,"minecraft:enchanted_book":1,"minecraft:brewing_stand":1,"minecraft:brick":98,"minecraft:wind_charge":14,"minecraft:amethyst_block":1,"minecraft:flow_banner_pattern":1,"minecraft:string":90,"minecraft:iron_axe":1,"minecraft:raw_copper":36,"minecraft:cartography_table":1,"minecraft:cobbled_deepslate":11,"minecraft:beef":5,"minecraft:trial_key":5,"minecraft:guster_pottery_sherd":2,"minecraft:sugar_cane":59,"minecraft:waxed_oxidized_copper":1,"minecraft:furnace":1,"minecraft:tipped_arrow":32,"minecraft:stick":3,"minecraft:raw_iron":190,"minecraft:composter":2,"minecraft:torch":43,"minecraft:porkchop":10,"minecraft:flow_pottery_sherd":3,"minecraft:trident":1,"minecraft:honey_bottle":2,"minecraft:stone_sword":1,"minecraft:arrow":173,"minecraft:rotten_flesh":14,"minecraft:decorated_pot":13,"minecraft:hay_block":41,"minecraft:flow_armor_trim_smithing_template":1,"minecraft:tuff_bricks":23,"minecraft:mutton":9,"minecraft:cobblestone":147,"minecraft:white_wool":3,"minecraft:birch_log":14,"minecraft:cooked_beef":2,"minecraft:lilac":2,"minecraft:golden_carrot":2,"minecraft:jungle_log":6,"minecraft:water_bucket":3,"minecraft:andesite":2,"minecraft:red_mushroom":2,"minecraft:birch_planks":5,"minecraft:flint":1,"minecraft:waxed_copper_bulb":3,"minecraft:oak_log":66,"minecraft:waxed_copper_block":3,"minecraft:yellow_bed":8,"minecraft:magenta_bed":1,"minecraft:gunpowder":3,"minecraft:lapis_lazuli":64,"minecraft:dirt":36,"minecraft:bone":44,"minecraft:kelp":2,"minecraft:bow":4,"minecraft:wheat_seeds":6,"minecraft:iron_ingot":28,"minecraft:glass_bottle":2,"minecraft:iron_sword":1,"minecraft:oak_planks":80,"minecraft:scrape_pottery_sherd":7,"minecraft:emerald_block":1,"minecraft:gravel":2,"minecraft:dripstone_block":1,"minecraft:waxed_chiseled_copper":1,"minecraft:polished_tuff":7,"minecraft:spider_eye":49,"minecraft:diamond":1,"minecraft:waxed_oxidized_copper_grate":1,"minecraft:iron_helmet":1,"minecraft:granite":4,"minecraft:breeze_rod":12,"minecraft:ominous_trial_key":1,"minecraft:emerald":39,"minecraft:bread":4,"minecraft:baked_potato":20,"minecraft:oak_sapling":1,"minecraft:black_wool":1,"minecraft:chiseled_tuff_bricks":1,"minecraft:coal":91},"minecraft:killed_by":{"minecraft:stray":1,"minecraft:cave_spider":1},"minecraft:custom":{"minecraft:mob_kills":194,"minecraft:interact_with_crafting_table":26,"minecraft:open_barrel":50,"minecraft:leave_game":7,"minecraft:time_since_death":18789,"minecraft:climb_one_cm":30297,"minecraft:sprint_one_cm":532008,"minecraft:walk_one_cm":721889,"minecraft:damage_blocked_by_shield":4112,"minecraft:drop":120,"minecraft:play_time":191944,"minecraft:deaths":2,"minecraft:sneak_time":6194,"minecraft:walk_under_water_one_cm":7234,"minecraft:boat_one_cm":134562,"minecraft:jump":3074,"minecraft:walk_on_water_one_cm":29553,"minecraft:total_world_time":191944,"minecraft:interact_with_furnace":15,"minecraft:sleep_in_bed":10,"minecraft:time_since_rest":18823,"minecraft:damage_taken":6236,"minecraft:damage_dealt":23499,"minecraft:swim_one_cm":23586,"minecraft:fly_one_cm":502130,"minecraft:open_chest":37,"minecraft:crouch_one_cm":20732,"minecraft:fall_one_cm":73129,"minecraft:inspect_dispenser":18},"minecraft:used":{"minecraft:tuff_bricks":23,"minecraft:stone_sword":93,"minecraft:decorated_pot":13,"minecraft:shield":167,"minecraft:iron_sword":287,"minecraft:rotten_flesh":5,"minecraft:trial_key":5,"minecraft:torch":56,"minecraft:dirt":5,"minecraft:iron_axe":113,"minecraft:golden_carrot":4,"minecraft:bow":47,"minecraft:beef":5,"minecraft:ominous_bottle":2,"minecraft:furnace":1,"minecraft:cobbled_deepslate":8,"minecraft:cooked_mutton":1,"minecraft:water_bucket":11,"minecraft:birch_planks":9,"minecraft:stone_pickaxe":217,"minecraft:oak_planks":137,"minecraft:wooden_pickaxe":16,"minecraft:sugar_cane":59,"minecraft:jungle_boat":2,"minecraft:white_wool":1,"minecraft:crafting_table":10,"minecraft:crossbow":41,"minecraft:dripstone_block":1,"minecraft:ominous_trial_key":1,"minecraft:bread":106,"minecraft:chicken":1,"minecraft:iron_pickaxe":223,"minecraft:stone_axe":114,"minecraft:cobblestone":117,"minecraft:porkchop":2,"minecraft:bucket":10,"minecraft:andesite":1,"minecraft:yellow_bed":8},"minecraft:killed":{"minecraft:cave_spider":62,"minecraft:spider":39,"minecraft:slime":7,"minecraft:skeleton":12,"minecraft:chicken":1,"minecraft:silverfish":1,"minecraft:drowned":1,"minecraft:pig":3,"minecraft:zombie_villager":1,"minecraft:creeper":1,"minecraft:sheep":3,"minecraft:zombie":17,"minecraft:stray":34,"minecraft:breeze":6,"minecraft:cow":2},"minecraft:dropped":{"minecraft:water_bucket":2,"minecraft:iron_sword":1,"minecraft:birch_planks":8,"minecraft:porkchop":8,"minecraft:wheat_seeds":2,"minecraft:baked_potato":20,"minecraft:glass_bottle":2,"minecraft:polished_tuff":7,"minecraft:amethyst_block":1,"minecraft:granite":4,"minecraft:jungle_planks":10,"minecraft:red_mushroom":2,"minecraft:stick":6,"minecraft:flint":1,"minecraft:magenta_bed":1,"minecraft:dirt":22,"minecraft:brewing_stand":1,"minecraft:torch":2,"minecraft:mutton":8,"minecraft:scrape_pottery_sherd":7,"minecraft:waxed_copper_bulb":3,"minecraft:snowball":4,"minecraft:waxed_oxidized_copper":1,"minecraft:iron_axe":2,"minecraft:string":37,"minecraft:white_wool":2,"minecraft:bone":42,"minecraft:gravel":2,"minecraft:furnace":1,"minecraft:flow_pottery_sherd":3,"minecraft:stone_sword":2,"minecraft:chiseled_tuff_bricks":1,"minecraft:cobbled_deepslate":3,"minecraft:raw_copper":36,"minecraft:raw_iron":40,"minecraft:composter":2,"minecraft:rotten_flesh":9,"minecraft:oak_planks":90,"minecraft:honey_bottle":2,"minecraft:waxed_copper_block":3,"minecraft:flint_and_steel":1,"minecraft:tipped_arrow":9,"minecraft:gunpowder":3,"minecraft:andesite":1,"minecraft:oak_sapling":1,"minecraft:golden_sword":1,"minecraft:spider_eye":33,"minecraft:wooden_pickaxe":1,"minecraft:bow":2,"minecraft:arrow":83,"minecraft:stone_pickaxe":1,"minecraft:magenta_dye":4,"minecraft:waxed_oxidized_copper_grate":1,"minecraft:black_wool":1,"minecraft:brick":91,"minecraft:cartography_table":1},"minecraft:broken":{"minecraft:iron_boots":1,"minecraft:stone_pickaxe":1,"minecraft:stone_axe":1,"minecraft:iron_sword":1,"minecraft:iron_helmet":1},"minecraft:crafted":{"minecraft:oak_planks":264,"minecraft:furnace":1,"minecraft:cooked_mutton":1,"minecraft:iron_boots":1,"minecraft:iron_axe":1,"minecraft:stone_pickaxe":2,"minecraft:magenta_dye":4,"minecraft:wheat":369,"minecraft:emerald":9,"minecraft:crafting_table":6,"minecraft:jungle_boat":2,"minecraft:wooden_pickaxe":1,"minecraft:iron_helmet":2,"minecraft:iron_sword":2,"minecraft:bucket":1,"minecraft:birch_planks":16,"minecraft:stone_axe":1,"minecraft:bread":123,"minecraft:air":0,"minecraft:jungle_planks":24,"minecraft:iron_chestplate":1,"minecraft:shield":1,"minecraft:stick":36,"minecraft:iron_ingot":69,"minecraft:iron_pickaxe":1,"minecraft:stone_sword":1,"minecraft:iron_leggings":1,"minecraft:torch":72}},"DataVersion":3955}