{"stats":{"minecraft:custom":{"minecraft:mob_kills":58,"minecraft:interact_with_crafting_table":22,"minecraft:leave_game":2,"minecraft:time_since_death":96933,"minecraft:climb_one_cm":1704,"minecraft:sprint_one_cm":272976,"minecraft:walk_one_cm":254494,"minecraft:damage_blocked_by_shield":692,"minecraft:drop":39,"minecraft:play_time":96933,"minecraft:sneak_time":3333,"minecraft:walk_under_water_one_cm":7234,"minecraft:boat_one_cm":134562,"minecraft:jump":1960,"minecraft:walk_on_water_one_cm":28859,"minecraft:total_world_time":96933,"minecraft:interact_with_furnace":15,"minecraft:sleep_in_bed":8,"minecraft:time_since_rest":11813,"minecraft:damage_taken":2416,"minecraft:damage_dealt":10653,"minecraft:swim_one_cm":23586,"minecraft:fly_one_cm":358626,"minecraft:open_chest":11,"minecraft:crouch_one_cm":8480,"minecraft:fall_one_cm":47127,"minecraft:inspect_dispenser":1},"minecraft:dropped":{"minecraft:iron_sword":1,"minecraft:wheat_seeds":2,"minecraft:polished_tuff":3,"minecraft:amethyst_block":1,"minecraft:granite":4,"minecraft:flint":1,"minecraft:dirt":22,"minecraft:snowball":4,"minecraft:string":17,"minecraft:white_wool":2,"minecraft:gravel":2,"minecraft:chiseled_tuff_bricks":1,"minecraft:stone_sword":2,"minecraft:cobbled_deepslate":2,"minecraft:raw_copper":36,"minecraft:rotten_flesh":9,"minecraft:gunpowder":3,"minecraft:andesite":1,"minecraft:oak_sapling":1,"minecraft:golden_sword":1,"minecraft:spider_eye":5,"minecraft:wooden_pickaxe":1,"minecraft:arrow":5,"minecraft:magenta_dye":4,"minecraft:stone_pickaxe":1,"minecraft:black_wool":1},"minecraft:crafted":{"minecraft:oak_planks":96,"minecraft:furnace":1,"minecraft:cooked_mutton":1,"minecraft:iron_boots":1,"minecraft:iron_axe":1,"minecraft:stone_pickaxe":2,"minecraft:magenta_dye":4,"minecraft:wheat":369,"minecraft:crafting_table":4,"minecraft:jungle_boat":2,"minecraft:wooden_pickaxe":1,"minecraft:iron_helmet":1,"minecraft:iron_sword":1,"minecraft:bucket":1,"minecraft:birch_planks":16,"minecraft:stone_axe":1,"minecraft:bread":123,"minecraft:air":0,"minecraft:jungle_planks":24,"minecraft:iron_chestplate":1,"minecraft:shield":1,"minecraft:stick":32,"minecraft:iron_ingot":69,"minecraft:iron_pickaxe":1,"minecraft:stone_sword":1,"minecraft:iron_leggings":1,"minecraft:torch":72},"minecraft:picked_up":{"minecraft:crafting_table":4,"minecraft:chicken":1,"minecraft:brewing_stand":1,"minecraft:amethyst_block":1,"minecraft:string":17,"minecraft:raw_copper":36,"minecraft:cartography_table":1,"minecraft:cobbled_deepslate":2,"minecraft:beef":5,"minecraft:sugar_cane":59,"minecraft:furnace":1,"minecraft:raw_iron":150,"minecraft:composter":1,"minecraft:torch":3,"minecraft:porkchop":6,"minecraft:stone_sword":1,"minecraft:arrow":5,"minecraft:rotten_flesh":14,"minecraft:hay_block":41,"minecraft:tuff_bricks":11,"minecraft:mutton":5,"minecraft:cobblestone":147,"minecraft:white_wool":3,"minecraft:birch_log":14,"minecraft:lilac":2,"minecraft:jungle_log":6,"minecraft:andesite":2,"minecraft:birch_planks":1,"minecraft:flint":1,"minecraft:oak_log":66,"minecraft:yellow_bed":8,"minecraft:gunpowder":3,"minecraft:dirt":36,"minecraft:lapis_lazuli":51,"minecraft:bone":19,"minecraft:kelp":2,"minecraft:bow":1,"minecraft:wheat_seeds":6,"minecraft:iron_ingot":4,"minecraft:iron_sword":1,"minecraft:dripstone_block":1,"minecraft:gravel":2,"minecraft:polished_tuff":6,"minecraft:spider_eye":5,"minecraft:breeze_rod":1,"minecraft:granite":4,"minecraft:chiseled_tuff_bricks":1,"minecraft:oak_sapling":1,"minecraft:coal":91,"minecraft:black_wool":1},"minecraft:killed":{"minecraft:spider":15,"minecraft:skeleton":12,"minecraft:chicken":1,"minecraft:drowned":1,"minecraft:pig":3,"minecraft:zombie_villager":1,"minecraft:creeper":1,"minecraft:sheep":3,"minecraft:zombie":17,"minecraft:breeze":1,"minecraft:cow":2},"minecraft:mined":{"minecraft:large_amethyst_bud":1,"minecraft:brewing_stand":1,"minecraft:granite":4,"minecraft:grass_block":14,"minecraft:jungle_log":6,"minecraft:chiseled_tuff_bricks":1,"minecraft:composter":1,"minecraft:cartography_table":1,"minecraft:tuff_bricks":12,"minecraft:hay_block":41,"minecraft:tall_seagrass":3,"minecraft:furnace":1,"minecraft:iron_ore":111,"minecraft:polished_tuff":4,"minecraft:andesite":2,"minecraft:deepslate_lapis_ore":7,"minecraft:deepslate_iron_ore":2,"minecraft:vine":2,"minecraft:stone":144,"minecraft:white_wool":1,"minecraft:kelp_plant":1,"minecraft:crafting_table":4,"minecraft:torch":2,"minecraft:short_grass":50,"minecraft:cobblestone":2,"minecraft:tall_grass":3,"minecraft:copper_ore":10,"minecraft:sugar_cane":51,"minecraft:wall_torch":1,"minecraft:amethyst_block":1,"minecraft:seagrass":1,"minecraft:birch_planks":1,"minecraft:birch_log":14,"minecraft:lilac":3,"minecraft:yellow_bed":7,"minecraft:oak_log":67,"minecraft:coal_ore":60,"minecraft:gravel":3,"minecraft:dripstone_block":1,"minecraft:dirt":22,"minecraft:cobweb":8,"minecraft:oak_leaves":13,"minecraft:deepslate":2,"minecraft:fern":3},"minecraft:broken":{"minecraft:stone_pickaxe":1,"minecraft:stone_axe":1},"minecraft:used":{"minecraft:stone_sword":93,"minecraft:shield":17,"minecraft:iron_sword":72,"minecraft:rotten_flesh":5,"minecraft:torch":31,"minecraft:dirt":5,"minecraft:iron_axe":29,"minecraft:golden_carrot":4,"minecraft:beef":5,"minecraft:furnace":1,"minecraft:cooked_mutton":1,"minecraft:water_bucket":6,"minecraft:birch_planks":9,"minecraft:stone_pickaxe":217,"minecraft:oak_planks":5,"minecraft:wooden_pickaxe":16,"minecraft:sugar_cane":59,"minecraft:jungle_boat":2,"minecraft:white_wool":1,"minecraft:crafting_table":7,"minecraft:dripstone_block":1,"minecraft:bread":39,"minecraft:chicken":1,"minecraft:iron_pickaxe":147,"minecraft:stone_axe":114,"minecraft:cobblestone":117,"minecraft:porkchop":2,"minecraft:andesite":1,"minecraft:bucket":7,"minecraft:yellow_bed":6}},"DataVersion":3955}