{"stats":{"minecraft:used":{"minecraft:stone_sword":11,"minecraft:chicken":1,"minecraft:stone_pickaxe":16,"minecraft:wooden_pickaxe":16,"minecraft:rotten_flesh":2,"minecraft:jungle_boat":1,"minecraft:stone_axe":31,"minecraft:dirt":3,"minecraft:beef":5,"minecraft:crafting_table":2,"minecraft:porkchop":2,"minecraft:andesite":1},"minecraft:killed":{"minecraft:skeleton":1,"minecraft:zombie":2,"minecraft:pig":1,"minecraft:chicken":1,"minecraft:cow":2},"minecraft:crafted":{"minecraft:oak_planks":36,"minecraft:crafting_table":2,"minecraft:stick":8,"minecraft:jungle_boat":1,"minecraft:wooden_pickaxe":1,"minecraft:stone_pickaxe":1,"minecraft:stone_sword":1,"minecraft:stone_axe":1,"minecraft:jungle_planks":24},"minecraft:picked_up":{"minecraft:chicken":1,"minecraft:andesite":1,"minecraft:jungle_log":6,"minecraft:porkchop":2,"minecraft:oak_log":15,"minecraft:yellow_bed":2,"minecraft:dirt":12,"minecraft:bone":2,"minecraft:rotten_flesh":2,"minecraft:kelp":2,"minecraft:bow":1,"minecraft:wheat_seeds":3,"minecraft:iron_ingot":1,"minecraft:beef":5,"minecraft:cobblestone":19},"minecraft:custom":{"minecraft:time_since_rest":17973,"minecraft:sprint_one_cm":46703,"minecraft:damage_taken":290,"minecraft:walk_one_cm":30301,"minecraft:mob_kills":7,"minecraft:damage_dealt":950,"minecraft:swim_one_cm":15001,"minecraft:interact_with_crafting_table":6,"minecraft:fly_one_cm":51218,"minecraft:open_chest":1,"minecraft:crouch_one_cm":236,"minecraft:play_time":17973,"minecraft:sneak_time":748,"minecraft:walk_under_water_one_cm":2574,"minecraft:boat_one_cm":23944,"minecraft:jump":257,"minecraft:walk_on_water_one_cm":6355,"minecraft:time_since_death":17973,"minecraft:total_world_time":17973,"minecraft:climb_one_cm":396,"minecraft:fall_one_cm":3522},"minecraft:mined":{"minecraft:seagrass":1,"minecraft:tall_seagrass":1,"minecraft:kelp_plant":1,"minecraft:andesite":1,"minecraft:yellow_bed":2,"minecraft:short_grass":5,"minecraft:grass_block":3,"minecraft:oak_log":15,"minecraft:vine":2,"minecraft:jungle_log":6,"minecraft:dirt":9,"minecraft:stone":19,"minecraft:oak_leaves":8,"minecraft:fern":3}},"DataVersion":3955}