{"stats":{"minecraft:custom":{"minecraft:interact_with_furnace":12,"minecraft:mob_kills":35,"minecraft:interact_with_crafting_table":20,"minecraft:leave_game":2,"minecraft:time_since_death":72933,"minecraft:sleep_in_bed":7,"minecraft:climb_one_cm":1352,"minecraft:time_since_rest":5902,"minecraft:sprint_one_cm":199129,"minecraft:damage_taken":1402,"minecraft:walk_one_cm":191049,"minecraft:damage_blocked_by_shield":270,"minecraft:drop":15,"minecraft:damage_dealt":5713,"minecraft:swim_one_cm":22660,"minecraft:fly_one_cm":260155,"minecraft:open_chest":10,"minecraft:crouch_one_cm":5803,"minecraft:play_time":72933,"minecraft:sneak_time":2319,"minecraft:walk_under_water_one_cm":5531,"minecraft:boat_one_cm":134562,"minecraft:jump":1341,"minecraft:walk_on_water_one_cm":16497,"minecraft:total_world_time":72933,"minecraft:fall_one_cm":27974},"minecraft:dropped":{"minecraft:wheat_seeds":2,"minecraft:stone_sword":2,"minecraft:rotten_flesh":5,"minecraft:granite":3,"minecraft:dirt":19,"minecraft:oak_sapling":1,"minecraft:spider_eye":2,"minecraft:stone_pickaxe":1,"minecraft:magenta_dye":4,"minecraft:wooden_pickaxe":1},"minecraft:crafted":{"minecraft:oak_planks":60,"minecraft:crafting_table":4,"minecraft:jungle_boat":2,"minecraft:wooden_pickaxe":1,"minecraft:furnace":1,"minecraft:birch_planks":16,"minecraft:stone_axe":1,"minecraft:bread":123,"minecraft:cooked_mutton":1,"minecraft:air":0,"minecraft:jungle_planks":24,"minecraft:iron_boots":1,"minecraft:iron_chestplate":1,"minecraft:shield":1,"minecraft:iron_axe":1,"minecraft:stick":20,"minecraft:iron_ingot":25,"minecraft:iron_pickaxe":1,"minecraft:stone_pickaxe":2,"minecraft:stone_sword":1,"minecraft:iron_leggings":1,"minecraft:torch":4,"minecraft:magenta_dye":4,"minecraft:wheat":369},"minecraft:picked_up":{"minecraft:birch_log":14,"minecraft:crafting_table":3,"minecraft:lilac":2,"minecraft:chicken":1,"minecraft:andesite":1,"minecraft:jungle_log":6,"minecraft:flint":1,"minecraft:oak_log":66,"minecraft:brewing_stand":1,"minecraft:yellow_bed":7,"minecraft:string":3,"minecraft:dirt":35,"minecraft:raw_copper":36,"minecraft:bone":14,"minecraft:kelp":2,"minecraft:bow":1,"minecraft:wheat_seeds":6,"minecraft:cartography_table":1,"minecraft:beef":5,"minecraft:iron_ingot":1,"minecraft:sugar_cane":59,"minecraft:raw_iron":41,"minecraft:composter":1,"minecraft:torch":1,"minecraft:gravel":2,"minecraft:porkchop":6,"minecraft:spider_eye":2,"minecraft:stone_sword":1,"minecraft:arrow":3,"minecraft:rotten_flesh":10,"minecraft:hay_block":41,"minecraft:granite":3,"minecraft:oak_sapling":1,"minecraft:black_wool":1,"minecraft:mutton":5,"minecraft:coal":45,"minecraft:white_wool":3,"minecraft:cobblestone":121},"minecraft:killed":{"minecraft:pig":3,"minecraft:spider":5,"minecraft:sheep":3,"minecraft:skeleton":6,"minecraft:zombie":13,"minecraft:chicken":1,"minecraft:drowned":1,"minecraft:cow":2},"minecraft:mined":{"minecraft:kelp_plant":1,"minecraft:brewing_stand":1,"minecraft:crafting_table":3,"minecraft:torch":1,"minecraft:short_grass":50,"minecraft:granite":3,"minecraft:grass_block":13,"minecraft:jungle_log":6,"minecraft:copper_ore":10,"minecraft:tall_grass":3,"minecraft:cobblestone":2,"minecraft:composter":1,"minecraft:cartography_table":1,"minecraft:sugar_cane":51,"minecraft:hay_block":41,"minecraft:seagrass":1,"minecraft:tall_seagrass":3,"minecraft:birch_log":14,"minecraft:iron_ore":42,"minecraft:lilac":3,"minecraft:andesite":1,"minecraft:yellow_bed":6,"minecraft:coal_ore":45,"minecraft:oak_log":67,"minecraft:vine":2,"minecraft:gravel":3,"minecraft:dirt":22,"minecraft:stone":121,"minecraft:white_wool":1,"minecraft:oak_leaves":13,"minecraft:fern":3},"minecraft:used":{"minecraft:cooked_mutton":1,"minecraft:stone_sword":93,"minecraft:stone_pickaxe":217,"minecraft:shield":8,"minecraft:wooden_pickaxe":16,"minecraft:sugar_cane":59,"minecraft:rotten_flesh":5,"minecraft:jungle_boat":2,"minecraft:white_wool":1,"minecraft:torch":1,"minecraft:dirt":5,"minecraft:crafting_table":7,"minecraft:iron_axe":4,"minecraft:chicken":1,"minecraft:bread":18,"minecraft:iron_pickaxe":4,"minecraft:stone_axe":114,"minecraft:cobblestone":62,"minecraft:golden_carrot":4,"minecraft:beef":5,"minecraft:furnace":1,"minecraft:porkchop":2,"minecraft:andesite":1,"minecraft:yellow_bed":6},"minecraft:broken":{"minecraft:stone_pickaxe":1,"minecraft:stone_axe":1}},"DataVersion":3955}