{"stats":{"minecraft:used":{"minecraft:stone_sword":12,"minecraft:chicken":1,"minecraft:stone_pickaxe":16,"minecraft:wooden_pickaxe":16,"minecraft:sugar_cane":33,"minecraft:rotten_flesh":2,"minecraft:jungle_boat":2,"minecraft:stone_axe":32,"minecraft:golden_carrot":2,"minecraft:dirt":3,"minecraft:beef":5,"minecraft:crafting_table":3,"minecraft:porkchop":2,"minecraft:andesite":1,"minecraft:yellow_bed":1},"minecraft:killed":{"minecraft:skeleton":1,"minecraft:zombie":2,"minecraft:pig":1,"minecraft:chicken":1,"minecraft:cow":2},"minecraft:dropped":{"minecraft:wooden_pickaxe":1},"minecraft:crafted":{"minecraft:oak_planks":36,"minecraft:crafting_table":3,"minecraft:stick":8,"minecraft:jungle_boat":2,"minecraft:wooden_pickaxe":1,"minecraft:stone_pickaxe":1,"minecraft:stone_sword":1,"minecraft:stone_axe":1,"minecraft:jungle_planks":24},"minecraft:picked_up":{"minecraft:crafting_table":1,"minecraft:chicken":1,"minecraft:andesite":1,"minecraft:jungle_log":6,"minecraft:porkchop":2,"minecraft:oak_log":15,"minecraft:yellow_bed":3,"minecraft:dirt":12,"minecraft:bone":2,"minecraft:rotten_flesh":2,"minecraft:kelp":2,"minecraft:bow":1,"minecraft:wheat_seeds":4,"minecraft:iron_ingot":1,"minecraft:beef":5,"minecraft:sugar_cane":33,"minecraft:cobblestone":19},"minecraft:custom":{"minecraft:time_since_rest":5834,"minecraft:sprint_one_cm":79980,"minecraft:damage_taken":325,"minecraft:walk_one_cm":50749,"minecraft:mob_kills":7,"minecraft:drop":1,"minecraft:damage_dealt":960,"minecraft:swim_one_cm":20236,"minecraft:interact_with_crafting_table":7,"minecraft:fly_one_cm":68085,"minecraft:open_chest":4,"minecraft:crouch_one_cm":274,"minecraft:play_time":25790,"minecraft:sneak_time":797,"minecraft:walk_under_water_one_cm":3175,"minecraft:boat_one_cm":134562,"minecraft:jump":332,"minecraft:leave_game":1,"minecraft:walk_on_water_one_cm":10731,"minecraft:time_since_death":25790,"minecraft:sleep_in_bed":1,"minecraft:total_world_time":25790,"minecraft:climb_one_cm":396,"minecraft:fall_one_cm":3940},"minecraft:mined":{"minecraft:seagrass":1,"minecraft:tall_seagrass":1,"minecraft:kelp_plant":1,"minecraft:andesite":1,"minecraft:yellow_bed":2,"minecraft:crafting_table":1,"minecraft:short_grass":18,"minecraft:grass_block":3,"minecraft:oak_log":15,"minecraft:vine":2,"minecraft:jungle_log":6,"minecraft:dirt":9,"minecraft:stone":19,"minecraft:sugar_cane":24,"minecraft:oak_leaves":8,"minecraft:fern":3}},"DataVersion":3955}