{"stats":{"minecraft:used":{"minecraft:wooden_axe":2,"minecraft:white_wool":2,"minecraft:wooden_sword":7,"minecraft:dirt":2,"minecraft:mutton":2,"minecraft:beef":2,"minecraft:crafting_table":1,"minecraft:oak_sapling":1},"minecraft:killed":{"minecraft:sheep":1,"minecraft:cow":1},"minecraft:dropped":{"minecraft:wooden_axe":1},"minecraft:crafted":{"minecraft:wooden_sword":1,"minecraft:oak_planks":28,"minecraft:crafting_table":1,"minecraft:stick":8,"minecraft:wooden_pickaxe":1,"minecraft:wooden_axe":1},"minecraft:picked_up":{"minecraft:wooden_axe":1,"minecraft:crafting_table":1,"minecraft:leather":2,"minecraft:oak_log":7,"minecraft:dirt":7,"minecraft:beef":2,"minecraft:oak_sapling":1,"minecraft:mutton":2,"minecraft:white_wool":3},"minecraft:custom":{"minecraft:time_since_rest":12655,"minecraft:sprint_one_cm":26443,"minecraft:damage_taken":140,"minecraft:walk_one_cm":62878,"minecraft:mob_kills":2,"minecraft:drop":1,"minecraft:damage_dealt":180,"minecraft:swim_one_cm":1784,"minecraft:interact_with_crafting_table":1,"minecraft:fly_one_cm":37072,"minecraft:open_chest":1,"minecraft:crouch_one_cm":58,"minecraft:play_time":12655,"minecraft:sneak_time":16,"minecraft:walk_under_water_one_cm":115,"minecraft:jump":204,"minecraft:leave_game":1,"minecraft:walk_on_water_one_cm":312,"minecraft:time_since_death":12655,"minecraft:total_world_time":12655,"minecraft:fall_one_cm":4611},"minecraft:mined":{"minecraft:crafting_table":1,"minecraft:short_grass":1,"minecraft:grass_block":4,"minecraft:oak_log":7,"minecraft:dirt":3,"minecraft:tall_grass":1,"minecraft:white_wool":2,"minecraft:oak_leaves":3}},"DataVersion":3955}