{"stats":{"minecraft:mined":{"minecraft:tuff":5,"minecraft:white_bed":1,"minecraft:deepslate_diamond_ore":17,"minecraft:crafting_table":11,"minecraft:cornflower":1,"minecraft:torch":3,"minecraft:granite":24,"minecraft:short_grass":8,"minecraft:calcite":2,"minecraft:chest":2,"minecraft:cobblestone":4,"minecraft:copper_ore":2,"minecraft:tall_grass":2,"minecraft:deepslate_coal_ore":11,"minecraft:oak_planks":7,"minecraft:diorite":7,"minecraft:wall_torch":1,"minecraft:furnace":9,"minecraft:iron_ore":40,"minecraft:cobbled_deepslate":1,"minecraft:activator_rail":1,"minecraft:birch_leaves":3,"minecraft:andesite":16,"minecraft:deepslate_lapis_ore":4,"minecraft:yellow_bed":2,"minecraft:coal_ore":115,"minecraft:pointed_dripstone":1,"minecraft:oak_log":33,"minecraft:deepslate_iron_ore":5,"minecraft:gravel":2,"minecraft:dripstone_block":4,"minecraft:sand":2,"minecraft:stone":140,"minecraft:oak_leaves":13,"minecraft:deepslate":64},"minecraft:picked_up":{"minecraft:crafting_table":10,"minecraft:feather":4,"minecraft:chicken":3,"minecraft:chest_minecart":2,"minecraft:andesite":16,"minecraft:leather":14,"minecraft:tuff":5,"minecraft:oak_log":33,"minecraft:yellow_bed":2,"minecraft:gunpowder":1,"minecraft:lapis_lazuli":25,"minecraft:cornflower":1,"minecraft:raw_copper":10,"minecraft:bone":3,"minecraft:activator_rail":3,"minecraft:bow":1,"minecraft:cobbled_deepslate":75,"minecraft:iron_ingot":4,"minecraft:beef":41,"minecraft:cooked_chicken":2,"minecraft:calcite":1,"minecraft:chest":2,"minecraft:oak_planks":28,"minecraft:furnace":9,"minecraft:raw_iron":45,"minecraft:gravel":2,"minecraft:torch":6,"minecraft:dripstone_block":6,"minecraft:porkchop":38,"minecraft:pointed_dripstone":12,"minecraft:diorite":7,"minecraft:white_bed":1,"minecraft:arrow":9,"minecraft:rotten_flesh":5,"minecraft:diamond":17,"minecraft:granite":22,"minecraft:oak_sapling":2,"minecraft:melon_seeds":5,"minecraft:black_wool":2,"minecraft:mutton":17,"minecraft:coal":227,"minecraft:rail":10,"minecraft:white_wool":8,"minecraft:cobblestone":142},"minecraft:killed_by":{"minecraft:skeleton":1,"minecraft:creeper":1},"minecraft:used":{"minecraft:stone_pickaxe":130,"minecraft:oak_planks":1,"minecraft:shield":14,"minecraft:chest":2,"minecraft:wooden_pickaxe":21,"minecraft:cooked_chicken":1,"minecraft:rotten_flesh":1,"minecraft:torch":33,"minecraft:crafting_table":10,"minecraft:white_bed":1,"minecraft:tuff":5,"minecraft:wooden_axe":23,"minecraft:activator_rail":1,"minecraft:iron_axe":51,"minecraft:bread":4,"minecraft:iron_pickaxe":327,"minecraft:stone_axe":53,"minecraft:golden_sword":11,"minecraft:cobblestone":71,"minecraft:porkchop":9,"minecraft:furnace":9,"minecraft:cooked_porkchop":1,"minecraft:yellow_bed":2,"minecraft:oak_boat":1,"minecraft:chest_minecart":1,"minecraft:cooked_beef":9,"minecraft:cobbled_deepslate":39},"minecraft:custom":{"minecraft:interact_with_furnace":33,"minecraft:mob_kills":63,"minecraft:interact_with_crafting_table":20,"minecraft:bell_ring":12,"minecraft:interact_with_stonecutter":1,"minecraft:leave_game":3,"minecraft:time_since_death":16361,"minecraft:sleep_in_bed":2,"minecraft:time_since_rest":16387,"minecraft:sprint_one_cm":283891,"minecraft:damage_taken":1855,"minecraft:walk_one_cm":198289,"minecraft:damage_blocked_by_shield":1039,"minecraft:drop":19,"minecraft:damage_dealt":7735,"minecraft:swim_one_cm":51074,"minecraft:fly_one_cm":424940,"minecraft:player_kills":2,"minecraft:open_chest":11,"minecraft:crouch_one_cm":3649,"minecraft:play_time":115808,"minecraft:deaths":3,"minecraft:sneak_time":2109,"minecraft:walk_under_water_one_cm":13628,"minecraft:boat_one_cm":76629,"minecraft:jump":2345,"minecraft:walk_on_water_one_cm":26580,"minecraft:total_world_time":115808,"minecraft:fall_one_cm":71559},"minecraft:killed":{"minecraft:pig":18,"minecraft:creeper":1,"minecraft:sheep":11,"minecraft:skeleton":5,"minecraft:zombie":4,"minecraft:chicken":3,"minecraft:cow":21},"minecraft:dropped":{"minecraft:gravel":2,"minecraft:stone_axe":1,"minecraft:cooked_chicken":1,"minecraft:dripstone_block":4,"minecraft:pointed_dripstone":8,"minecraft:chest_minecart":1,"minecraft:granite":22,"minecraft:activator_rail":2,"minecraft:diorite":7,"minecraft:wooden_axe":1,"minecraft:andesite":16,"minecraft:melon_seeds":5,"minecraft:stone_pickaxe":1,"minecraft:wooden_pickaxe":1,"minecraft:calcite":1},"minecraft:broken":{"minecraft:iron_pickaxe":1},"minecraft:crafted":{"minecraft:cooked_beef":11,"minecraft:oak_planks":132,"minecraft:cooked_porkchop":1,"minecraft:crafting_table":2,"minecraft:iron_helmet":1,"minecraft:wooden_pickaxe":2,"minecraft:cooked_chicken":1,"minecraft:furnace":2,"minecraft:blue_bed":1,"minecraft:stone_axe":2,"minecraft:air":0,"minecraft:blue_dye":1,"minecraft:oak_boat":1,"minecraft:diamond_leggings":1,"minecraft:iron_chestplate":1,"minecraft:shield":1,"minecraft:iron_axe":1,"minecraft:stick":40,"minecraft:iron_ingot":23,"minecraft:iron_pickaxe":2,"minecraft:stone_pickaxe":2,"minecraft:wooden_axe":1,"minecraft:chest":1,"minecraft:diamond_boots":1,"minecraft:white_bed":1,"minecraft:torch":64}},"DataVersion":3955}