{"stats":{"minecraft:used":{"minecraft:wooden_axe":20,"minecraft:crafting_table":1,"minecraft:wooden_pickaxe":7},"minecraft:killed":{"minecraft:chicken":1,"minecraft:cow":1},"minecraft:crafted":{"minecraft:oak_planks":60,"minecraft:crafting_table":1,"minecraft:stick":8,"minecraft:wooden_pickaxe":1,"minecraft:wooden_axe":1},"minecraft:picked_up":{"minecraft:feather":1,"minecraft:crafting_table":1,"minecraft:chicken":1,"minecraft:leather":1,"minecraft:beef":3,"minecraft:oak_log":15,"minecraft:cobblestone":7},"minecraft:custom":{"minecraft:time_since_rest":5939,"minecraft:play_time":5939,"minecraft:sprint_one_cm":7527,"minecraft:damage_taken":75,"minecraft:walk_one_cm":14604,"minecraft:sneak_time":6,"minecraft:mob_kills":2,"minecraft:jump":101,"minecraft:damage_dealt":646,"minecraft:time_since_death":5939,"minecraft:total_world_time":5939,"minecraft:fall_one_cm":1672,"minecraft:interact_with_crafting_table":1,"minecraft:fly_one_cm":23836,"minecraft:player_kills":2},"minecraft:mined":{"minecraft:short_grass":2,"minecraft:oak_log":15,"minecraft:tall_grass":2,"minecraft:stone":7,"minecraft:crafting_table":1}},"DataVersion":3955}