{"stats":{"minecraft:mined":{"minecraft:tuff":5,"minecraft:white_bed":1,"minecraft:deepslate_diamond_ore":17,"minecraft:granite":30,"minecraft:grass_block":3,"minecraft:furnace":9,"minecraft:iron_ore":42,"minecraft:cobbled_deepslate":1,"minecraft:andesite":16,"minecraft:deepslate_lapis_ore":4,"minecraft:pointed_dripstone":1,"minecraft:deepslate_iron_ore":5,"minecraft:stone":167,"minecraft:cornflower":2,"minecraft:crafting_table":13,"minecraft:torch":6,"minecraft:short_grass":18,"minecraft:calcite":2,"minecraft:chest":3,"minecraft:cobblestone":4,"minecraft:tall_grass":3,"minecraft:copper_ore":3,"minecraft:deepslate_coal_ore":11,"minecraft:oak_planks":7,"minecraft:sculk":8,"minecraft:diorite":8,"minecraft:wall_torch":1,"minecraft:blue_bed":6,"minecraft:activator_rail":1,"minecraft:birch_leaves":3,"minecraft:yellow_bed":2,"minecraft:oak_log":33,"minecraft:coal_ore":134,"minecraft:dirt":1,"minecraft:sand":2,"minecraft:gravel":2,"minecraft:dripstone_block":4,"minecraft:oak_leaves":13,"minecraft:deepslate":75},"minecraft:picked_up":{"minecraft:crafting_table":12,"minecraft:chicken":3,"minecraft:chest_minecart":2,"minecraft:wooden_pickaxe":1,"minecraft:cornflower":2,"minecraft:raw_copper":18,"minecraft:activator_rail":3,"minecraft:cobbled_deepslate":90,"minecraft:beef":93,"minecraft:calcite":1,"minecraft:light_gray_wool":4,"minecraft:chest":3,"minecraft:furnace":9,"minecraft:raw_iron":49,"minecraft:torch":14,"minecraft:porkchop":59,"minecraft:pointed_dripstone":12,"minecraft:diorite":8,"minecraft:arrow":9,"minecraft:rotten_flesh":5,"minecraft:mutton":89,"minecraft:rail":10,"minecraft:white_wool":39,"minecraft:cobblestone":191,"minecraft:feather":4,"minecraft:andesite":16,"minecraft:leather":42,"minecraft:potato":10,"minecraft:tuff":8,"minecraft:oak_log":33,"minecraft:yellow_bed":2,"minecraft:gunpowder":1,"minecraft:blue_bed":6,"minecraft:lapis_lazuli":25,"minecraft:dirt":4,"minecraft:bone":3,"minecraft:apple":2,"minecraft:bow":1,"minecraft:iron_ingot":4,"minecraft:cooked_chicken":2,"minecraft:oak_planks":71,"minecraft:dripstone_block":6,"minecraft:gravel":2,"minecraft:white_bed":1,"minecraft:diamond":17,"minecraft:stone_axe":1,"minecraft:granite":34,"minecraft:gray_wool":4,"minecraft:oak_sapling":2,"minecraft:melon_seeds":5,"minecraft:black_wool":6,"minecraft:coal":291},"minecraft:killed_by":{"minecraft:creeper":1,"minecraft:warden":31,"minecraft:skeleton":1},"minecraft:used":{"minecraft:chest":3,"minecraft:shield":14,"minecraft:cooked_chicken":1,"minecraft:rotten_flesh":1,"minecraft:torch":53,"minecraft:dirt":1,"minecraft:tuff":5,"minecraft:wooden_axe":23,"minecraft:iron_axe":51,"minecraft:golden_sword":11,"minecraft:furnace":9,"minecraft:cooked_beef":9,"minecraft:cobbled_deepslate":43,"minecraft:diorite":1,"minecraft:stone_pickaxe":197,"minecraft:oak_planks":1,"minecraft:wooden_pickaxe":21,"minecraft:blue_bed":7,"minecraft:crafting_table":12,"minecraft:white_bed":1,"minecraft:activator_rail":1,"minecraft:bread":11,"minecraft:iron_pickaxe":327,"minecraft:stone_axe":110,"minecraft:cobblestone":86,"minecraft:porkchop":9,"minecraft:cooked_porkchop":1,"minecraft:yellow_bed":2,"minecraft:chest_minecart":1,"minecraft:oak_boat":1},"minecraft:custom":{"minecraft:mob_kills":99,"minecraft:interact_with_crafting_table":22,"minecraft:bell_ring":12,"minecraft:leave_game":7,"minecraft:time_since_death":0,"minecraft:sprint_one_cm":379460,"minecraft:walk_one_cm":282283,"minecraft:damage_blocked_by_shield":1039,"minecraft:drop":22,"minecraft:play_time":184743,"minecraft:deaths":34,"minecraft:sneak_time":13258,"minecraft:walk_under_water_one_cm":15684,"minecraft:boat_one_cm":76629,"minecraft:jump":3600,"minecraft:walk_on_water_one_cm":30889,"minecraft:total_world_time":184743,"minecraft:interact_with_furnace":33,"minecraft:interact_with_stonecutter":1,"minecraft:sleep_in_bed":5,"minecraft:time_since_rest":119,"minecraft:damage_taken":12275,"minecraft:damage_dealt":11024,"minecraft:swim_one_cm":68229,"minecraft:player_kills":2,"minecraft:fly_one_cm":647121,"minecraft:open_chest":14,"minecraft:crouch_one_cm":27012,"minecraft:fall_one_cm":139931,"minecraft:horse_one_cm":1238},"minecraft:killed":{"minecraft:skeleton":5,"minecraft:chicken":3,"minecraft:pig":21,"minecraft:creeper":1,"minecraft:sheep":34,"minecraft:zombie":4,"minecraft:cow":31},"minecraft:dropped":{"minecraft:dripstone_block":4,"minecraft:chest_minecart":1,"minecraft:granite":22,"minecraft:activator_rail":2,"minecraft:dirt":3,"minecraft:diorite":7,"minecraft:wooden_axe":1,"minecraft:gravel":2,"minecraft:stone_axe":2,"minecraft:cooked_chicken":1,"minecraft:pointed_dripstone":8,"minecraft:andesite":16,"minecraft:melon_seeds":5,"minecraft:oak_sapling":2,"minecraft:stone_pickaxe":1,"minecraft:wooden_pickaxe":1,"minecraft:calcite":1},"minecraft:broken":{"minecraft:iron_pickaxe":1},"minecraft:crafted":{"minecraft:oak_planks":132,"minecraft:cooked_chicken":1,"minecraft:furnace":2,"minecraft:diamond_leggings":1,"minecraft:iron_axe":1,"minecraft:stone_pickaxe":2,"minecraft:chest":2,"minecraft:diamond_boots":1,"minecraft:cooked_beef":11,"minecraft:cooked_porkchop":1,"minecraft:crafting_table":2,"minecraft:wooden_pickaxe":2,"minecraft:iron_helmet":1,"minecraft:blue_bed":2,"minecraft:stone_axe":2,"minecraft:air":0,"minecraft:blue_dye":2,"minecraft:oak_boat":1,"minecraft:iron_chestplate":1,"minecraft:shield":1,"minecraft:stick":40,"minecraft:iron_ingot":23,"minecraft:iron_pickaxe":2,"minecraft:wooden_axe":1,"minecraft:white_bed":2,"minecraft:torch":64}},"DataVersion":3955}