{"stats":{"minecraft:custom":{"minecraft:interact_with_furnace":33,"minecraft:mob_kills":36,"minecraft:interact_with_crafting_table":16,"minecraft:leave_game":1,"minecraft:time_since_death":72194,"minecraft:time_since_rest":72194,"minecraft:sprint_one_cm":156926,"minecraft:damage_taken":585,"minecraft:walk_one_cm":113584,"minecraft:damage_blocked_by_shield":182,"minecraft:drop":12,"minecraft:damage_dealt":4339,"minecraft:swim_one_cm":29078,"minecraft:player_kills":2,"minecraft:fly_one_cm":180239,"minecraft:open_chest":7,"minecraft:crouch_one_cm":2090,"minecraft:play_time":72194,"minecraft:sneak_time":1112,"minecraft:walk_under_water_one_cm":4814,"minecraft:jump":1169,"minecraft:walk_on_water_one_cm":11508,"minecraft:total_world_time":72194,"minecraft:fall_one_cm":27935},"minecraft:dropped":{"minecraft:stone_axe":1,"minecraft:cooked_chicken":1,"minecraft:chest_minecart":1,"minecraft:granite":22,"minecraft:activator_rail":2,"minecraft:diorite":7,"minecraft:melon_seeds":5,"minecraft:andesite":16,"minecraft:wooden_axe":1,"minecraft:stone_pickaxe":1,"minecraft:wooden_pickaxe":1,"minecraft:calcite":1},"minecraft:picked_up":{"minecraft:crafting_table":7,"minecraft:feather":4,"minecraft:chicken":3,"minecraft:andesite":16,"minecraft:chest_minecart":2,"minecraft:leather":6,"minecraft:tuff":5,"minecraft:oak_log":15,"minecraft:lapis_lazuli":25,"minecraft:raw_copper":10,"minecraft:bone":3,"minecraft:activator_rail":3,"minecraft:bow":1,"minecraft:cobbled_deepslate":61,"minecraft:iron_ingot":4,"minecraft:beef":17,"minecraft:cooked_chicken":2,"minecraft:calcite":1,"minecraft:chest":2,"minecraft:oak_planks":28,"minecraft:furnace":9,"minecraft:raw_iron":32,"minecraft:torch":6,"minecraft:dripstone_block":1,"minecraft:porkchop":18,"minecraft:pointed_dripstone":1,"minecraft:diorite":7,"minecraft:arrow":3,"minecraft:rotten_flesh":4,"minecraft:diamond":11,"minecraft:granite":22,"minecraft:black_wool":2,"minecraft:melon_seeds":5,"minecraft:mutton":15,"minecraft:coal":195,"minecraft:white_wool":7,"minecraft:rail":10,"minecraft:cobblestone":103},"minecraft:crafted":{"minecraft:cooked_beef":11,"minecraft:oak_planks":60,"minecraft:cooked_porkchop":1,"minecraft:crafting_table":1,"minecraft:wooden_pickaxe":1,"minecraft:cooked_chicken":1,"minecraft:iron_helmet":1,"minecraft:furnace":2,"minecraft:stone_axe":1,"minecraft:air":0,"minecraft:diamond_leggings":1,"minecraft:iron_chestplate":1,"minecraft:shield":1,"minecraft:iron_axe":1,"minecraft:stick":28,"minecraft:iron_ingot":23,"minecraft:iron_pickaxe":2,"minecraft:stone_pickaxe":1,"minecraft:wooden_axe":1,"minecraft:chest":1,"minecraft:diamond_boots":1,"minecraft:torch":40},"minecraft:killed":{"minecraft:pig":10,"minecraft:sheep":10,"minecraft:skeleton":2,"minecraft:zombie":2,"minecraft:chicken":3,"minecraft:cow":9},"minecraft:mined":{"minecraft:tuff":5,"minecraft:deepslate_diamond_ore":11,"minecraft:crafting_table":8,"minecraft:torch":3,"minecraft:granite":24,"minecraft:short_grass":4,"minecraft:calcite":2,"minecraft:chest":2,"minecraft:copper_ore":2,"minecraft:tall_grass":2,"minecraft:cobblestone":2,"minecraft:deepslate_coal_ore":11,"minecraft:oak_planks":7,"minecraft:diorite":7,"minecraft:wall_torch":1,"minecraft:furnace":9,"minecraft:iron_ore":27,"minecraft:cobbled_deepslate":1,"minecraft:activator_rail":1,"minecraft:birch_leaves":2,"minecraft:andesite":16,"minecraft:deepslate_lapis_ore":4,"minecraft:pointed_dripstone":1,"minecraft:coal_ore":83,"minecraft:oak_log":15,"minecraft:deepslate_iron_ore":5,"minecraft:dripstone_block":4,"minecraft:sand":2,"minecraft:stone":107,"minecraft:deepslate":60},"minecraft:broken":{"minecraft:iron_pickaxe":1},"minecraft:used":{"minecraft:stone_pickaxe":80,"minecraft:oak_planks":1,"minecraft:shield":4,"minecraft:chest":2,"minecraft:wooden_pickaxe":15,"minecraft:cooked_chicken":1,"minecraft:rotten_flesh":1,"minecraft:torch":15,"minecraft:crafting_table":7,"minecraft:tuff":5,"minecraft:wooden_axe":23,"minecraft:activator_rail":1,"minecraft:iron_axe":34,"minecraft:iron_pickaxe":291,"minecraft:stone_axe":32,"minecraft:cobblestone":55,"minecraft:furnace":9,"minecraft:cooked_porkchop":1,"minecraft:chest_minecart":1,"minecraft:cooked_beef":7,"minecraft:cobbled_deepslate":39}},"DataVersion":3955}