{"stats":{"minecraft:custom":{"minecraft:interact_with_furnace":33,"minecraft:mob_kills":46,"minecraft:interact_with_crafting_table":18,"minecraft:leave_game":1,"minecraft:time_since_death":5673,"minecraft:sleep_in_bed":2,"minecraft:time_since_rest":5707,"minecraft:sprint_one_cm":224238,"minecraft:damage_taken":1385,"minecraft:walk_one_cm":163523,"minecraft:damage_blocked_by_shield":1039,"minecraft:drop":18,"minecraft:damage_dealt":6035,"minecraft:swim_one_cm":36551,"minecraft:player_kills":2,"minecraft:fly_one_cm":311519,"minecraft:open_chest":9,"minecraft:crouch_one_cm":3065,"minecraft:play_time":96089,"minecraft:deaths":2,"minecraft:sneak_time":1535,"minecraft:walk_under_water_one_cm":13468,"minecraft:boat_one_cm":76629,"minecraft:jump":1783,"minecraft:walk_on_water_one_cm":24210,"minecraft:total_world_time":96089,"minecraft:fall_one_cm":53335},"minecraft:dropped":{"minecraft:stone_axe":1,"minecraft:cooked_chicken":1,"minecraft:dripstone_block":4,"minecraft:pointed_dripstone":8,"minecraft:chest_minecart":1,"minecraft:granite":22,"minecraft:activator_rail":2,"minecraft:diorite":7,"minecraft:melon_seeds":5,"minecraft:andesite":16,"minecraft:wooden_axe":1,"minecraft:stone_pickaxe":1,"minecraft:wooden_pickaxe":1,"minecraft:calcite":1},"minecraft:picked_up":{"minecraft:crafting_table":9,"minecraft:feather":4,"minecraft:chicken":3,"minecraft:andesite":16,"minecraft:chest_minecart":2,"minecraft:leather":6,"minecraft:tuff":5,"minecraft:oak_log":21,"minecraft:yellow_bed":2,"minecraft:gunpowder":1,"minecraft:cornflower":1,"minecraft:lapis_lazuli":25,"minecraft:raw_copper":10,"minecraft:bone":3,"minecraft:activator_rail":3,"minecraft:bow":1,"minecraft:cobbled_deepslate":75,"minecraft:iron_ingot":4,"minecraft:beef":17,"minecraft:cooked_chicken":2,"minecraft:calcite":1,"minecraft:chest":2,"minecraft:oak_planks":28,"minecraft:furnace":9,"minecraft:raw_iron":45,"minecraft:torch":6,"minecraft:dripstone_block":6,"minecraft:porkchop":27,"minecraft:pointed_dripstone":12,"minecraft:diorite":7,"minecraft:white_bed":1,"minecraft:arrow":9,"minecraft:rotten_flesh":5,"minecraft:diamond":17,"minecraft:granite":22,"minecraft:oak_sapling":1,"minecraft:black_wool":2,"minecraft:melon_seeds":5,"minecraft:mutton":17,"minecraft:coal":195,"minecraft:white_wool":8,"minecraft:rail":10,"minecraft:cobblestone":120},"minecraft:crafted":{"minecraft:cooked_beef":11,"minecraft:oak_planks":72,"minecraft:cooked_porkchop":1,"minecraft:crafting_table":2,"minecraft:wooden_pickaxe":1,"minecraft:cooked_chicken":1,"minecraft:iron_helmet":1,"minecraft:blue_bed":1,"minecraft:furnace":2,"minecraft:stone_axe":1,"minecraft:air":0,"minecraft:blue_dye":1,"minecraft:oak_boat":1,"minecraft:diamond_leggings":1,"minecraft:iron_chestplate":1,"minecraft:shield":1,"minecraft:iron_axe":1,"minecraft:stick":28,"minecraft:iron_ingot":23,"minecraft:iron_pickaxe":2,"minecraft:stone_pickaxe":1,"minecraft:wooden_axe":1,"minecraft:chest":1,"minecraft:diamond_boots":1,"minecraft:white_bed":1,"minecraft:torch":40},"minecraft:killed":{"minecraft:pig":13,"minecraft:creeper":1,"minecraft:sheep":11,"minecraft:skeleton":5,"minecraft:zombie":4,"minecraft:chicken":3,"minecraft:cow":9},"minecraft:mined":{"minecraft:tuff":5,"minecraft:white_bed":1,"minecraft:deepslate_diamond_ore":17,"minecraft:cornflower":1,"minecraft:crafting_table":10,"minecraft:torch":3,"minecraft:granite":24,"minecraft:short_grass":6,"minecraft:calcite":2,"minecraft:chest":2,"minecraft:copper_ore":2,"minecraft:tall_grass":2,"minecraft:cobblestone":2,"minecraft:deepslate_coal_ore":11,"minecraft:oak_planks":7,"minecraft:diorite":7,"minecraft:wall_torch":1,"minecraft:furnace":9,"minecraft:iron_ore":40,"minecraft:cobbled_deepslate":1,"minecraft:activator_rail":1,"minecraft:birch_leaves":2,"minecraft:andesite":16,"minecraft:deepslate_lapis_ore":4,"minecraft:yellow_bed":2,"minecraft:pointed_dripstone":1,"minecraft:coal_ore":83,"minecraft:oak_log":21,"minecraft:deepslate_iron_ore":5,"minecraft:dripstone_block":4,"minecraft:sand":2,"minecraft:stone":120,"minecraft:oak_leaves":9,"minecraft:deepslate":64},"minecraft:broken":{"minecraft:iron_pickaxe":1},"minecraft:killed_by":{"minecraft:skeleton":1,"minecraft:creeper":1},"minecraft:used":{"minecraft:stone_pickaxe":80,"minecraft:oak_planks":1,"minecraft:shield":14,"minecraft:chest":2,"minecraft:wooden_pickaxe":15,"minecraft:cooked_chicken":1,"minecraft:rotten_flesh":1,"minecraft:torch":32,"minecraft:crafting_table":9,"minecraft:white_bed":1,"minecraft:tuff":5,"minecraft:wooden_axe":23,"minecraft:activator_rail":1,"minecraft:iron_axe":51,"minecraft:iron_pickaxe":327,"minecraft:golden_sword":11,"minecraft:stone_axe":32,"minecraft:cobblestone":55,"minecraft:porkchop":5,"minecraft:furnace":9,"minecraft:cooked_porkchop":1,"minecraft:yellow_bed":1,"minecraft:oak_boat":1,"minecraft:chest_minecart":1,"minecraft:cooked_beef":9,"minecraft:cobbled_deepslate":39}},"DataVersion":3955}