{"stats":{"minecraft:used":{"minecraft:wooden_axe":23,"minecraft:stone_pickaxe":49,"minecraft:oak_planks":1,"minecraft:chest":2,"minecraft:wooden_pickaxe":15,"minecraft:stone_axe":6,"minecraft:torch":2,"minecraft:crafting_table":3,"minecraft:furnace":3,"minecraft:cooked_porkchop":1,"minecraft:cooked_beef":1},"minecraft:killed":{"minecraft:skeleton":1,"minecraft:pig":1,"minecraft:chicken":2,"minecraft:cow":1},"minecraft:crafted":{"minecraft:cooked_beef":3,"minecraft:oak_planks":60,"minecraft:cooked_porkchop":1,"minecraft:crafting_table":1,"minecraft:stick":12,"minecraft:iron_ingot":7,"minecraft:wooden_pickaxe":1,"minecraft:stone_pickaxe":1,"minecraft:wooden_axe":1,"minecraft:chest":1,"minecraft:furnace":2,"minecraft:torch":8,"minecraft:stone_axe":1,"minecraft:air":0},"minecraft:picked_up":{"minecraft:raw_iron":14,"minecraft:crafting_table":2,"minecraft:feather":3,"minecraft:chicken":2,"minecraft:andesite":3,"minecraft:leather":1,"minecraft:torch":1,"minecraft:porkchop":1,"minecraft:oak_log":15,"minecraft:bone":1,"minecraft:arrow":2,"minecraft:beef":3,"minecraft:cooked_chicken":2,"minecraft:coal":2,"minecraft:chest":2,"minecraft:oak_planks":14,"minecraft:cobblestone":42,"minecraft:furnace":1},"minecraft:custom":{"minecraft:time_since_rest":17939,"minecraft:interact_with_furnace":14,"minecraft:sprint_one_cm":16897,"minecraft:damage_taken":270,"minecraft:walk_one_cm":28817,"minecraft:mob_kills":5,"minecraft:damage_dealt":966,"minecraft:interact_with_crafting_table":7,"minecraft:fly_one_cm":38906,"minecraft:player_kills":2,"minecraft:open_chest":7,"minecraft:crouch_one_cm":346,"minecraft:play_time":17939,"minecraft:sneak_time":309,"minecraft:walk_under_water_one_cm":346,"minecraft:jump":192,"minecraft:time_since_death":17939,"minecraft:walk_on_water_one_cm":3131,"minecraft:total_world_time":17939,"minecraft:fall_one_cm":4277},"minecraft:mined":{"minecraft:furnace":1,"minecraft:iron_ore":14,"minecraft:andesite":3,"minecraft:torch":1,"minecraft:crafting_table":3,"minecraft:granite":1,"minecraft:short_grass":3,"minecraft:coal_ore":2,"minecraft:oak_log":15,"minecraft:chest":2,"minecraft:tall_grass":2,"minecraft:stone":42}},"DataVersion":3955}