{"stats":{"minecraft:used":{"minecraft:stone_pickaxe":74,"minecraft:oak_planks":1,"minecraft:shield":1,"minecraft:chest":2,"minecraft:wooden_pickaxe":15,"minecraft:cooked_chicken":1,"minecraft:torch":9,"minecraft:crafting_table":5,"minecraft:wooden_axe":23,"minecraft:iron_pickaxe":26,"minecraft:stone_axe":23,"minecraft:cobblestone":11,"minecraft:furnace":5,"minecraft:cooked_porkchop":1,"minecraft:cooked_beef":2},"minecraft:killed":{"minecraft:pig":1,"minecraft:skeleton":2,"minecraft:zombie":1,"minecraft:chicken":2,"minecraft:cow":1},"minecraft:dropped":{"minecraft:cooked_chicken":1},"minecraft:crafted":{"minecraft:cooked_beef":3,"minecraft:oak_planks":60,"minecraft:cooked_porkchop":1,"minecraft:crafting_table":1,"minecraft:wooden_pickaxe":1,"minecraft:iron_helmet":1,"minecraft:furnace":2,"minecraft:stone_axe":1,"minecraft:air":0,"minecraft:diamond_leggings":1,"minecraft:iron_chestplate":1,"minecraft:shield":1,"minecraft:stick":12,"minecraft:iron_ingot":18,"minecraft:iron_pickaxe":1,"minecraft:stone_pickaxe":1,"minecraft:wooden_axe":1,"minecraft:chest":1,"minecraft:diamond_boots":1,"minecraft:torch":8},"minecraft:picked_up":{"minecraft:crafting_table":5,"minecraft:feather":3,"minecraft:chicken":2,"minecraft:chest_minecart":1,"minecraft:andesite":3,"minecraft:leather":1,"minecraft:tuff":5,"minecraft:oak_log":15,"minecraft:lapis_lazuli":25,"minecraft:bone":3,"minecraft:activator_rail":2,"minecraft:bow":1,"minecraft:cobbled_deepslate":18,"minecraft:beef":3,"minecraft:cooked_chicken":2,"minecraft:calcite":1,"minecraft:chest":2,"minecraft:oak_planks":28,"minecraft:furnace":5,"minecraft:raw_iron":19,"minecraft:torch":2,"minecraft:porkchop":1,"minecraft:arrow":3,"minecraft:rotten_flesh":1,"minecraft:diamond":11,"minecraft:granite":2,"minecraft:melon_seeds":5,"minecraft:coal":2,"minecraft:rail":10,"minecraft:cobblestone":42},"minecraft:custom":{"minecraft:interact_with_furnace":19,"minecraft:mob_kills":7,"minecraft:interact_with_crafting_table":13,"minecraft:time_since_death":29939,"minecraft:time_since_rest":29939,"minecraft:sprint_one_cm":60306,"minecraft:damage_taken":354,"minecraft:walk_one_cm":53068,"minecraft:damage_blocked_by_shield":10,"minecraft:drop":1,"minecraft:damage_dealt":1358,"minecraft:fly_one_cm":65965,"minecraft:player_kills":2,"minecraft:open_chest":7,"minecraft:crouch_one_cm":661,"minecraft:play_time":29939,"minecraft:sneak_time":474,"minecraft:walk_under_water_one_cm":1340,"minecraft:jump":396,"minecraft:walk_on_water_one_cm":6979,"minecraft:total_world_time":29939,"minecraft:fall_one_cm":10961},"minecraft:mined":{"minecraft:tuff":5,"minecraft:deepslate_diamond_ore":11,"minecraft:crafting_table":6,"minecraft:torch":1,"minecraft:granite":3,"minecraft:short_grass":3,"minecraft:calcite":2,"minecraft:chest":2,"minecraft:tall_grass":2,"minecraft:oak_planks":7,"minecraft:wall_torch":1,"minecraft:furnace":5,"minecraft:iron_ore":14,"minecraft:andesite":3,"minecraft:deepslate_lapis_ore":4,"minecraft:oak_log":15,"minecraft:coal_ore":2,"minecraft:deepslate_iron_ore":5,"minecraft:stone":42,"minecraft:deepslate":18}},"DataVersion":3955}