{"stats":{"minecraft:used":{"minecraft:stone_pickaxe":74,"minecraft:oak_planks":1,"minecraft:shield":3,"minecraft:chest":2,"minecraft:wooden_pickaxe":15,"minecraft:cooked_chicken":1,"minecraft:rotten_flesh":1,"minecraft:torch":13,"minecraft:crafting_table":5,"minecraft:tuff":5,"minecraft:wooden_axe":23,"minecraft:iron_pickaxe":217,"minecraft:stone_axe":29,"minecraft:cobblestone":53,"minecraft:furnace":7,"minecraft:cooked_porkchop":1,"minecraft:cooked_beef":3,"minecraft:cobbled_deepslate":39},"minecraft:killed":{"minecraft:pig":1,"minecraft:skeleton":2,"minecraft:zombie":1,"minecraft:chicken":3,"minecraft:cow":4},"minecraft:dropped":{"minecraft:cooked_chicken":1},"minecraft:crafted":{"minecraft:cooked_beef":3,"minecraft:oak_planks":60,"minecraft:cooked_porkchop":1,"minecraft:crafting_table":1,"minecraft:wooden_pickaxe":1,"minecraft:iron_helmet":1,"minecraft:furnace":2,"minecraft:stone_axe":1,"minecraft:air":0,"minecraft:diamond_leggings":1,"minecraft:iron_chestplate":1,"minecraft:shield":1,"minecraft:stick":20,"minecraft:iron_ingot":18,"minecraft:iron_pickaxe":1,"minecraft:stone_pickaxe":1,"minecraft:wooden_axe":1,"minecraft:chest":1,"minecraft:diamond_boots":1,"minecraft:torch":40},"minecraft:picked_up":{"minecraft:crafting_table":5,"minecraft:feather":4,"minecraft:chicken":3,"minecraft:chest_minecart":1,"minecraft:andesite":16,"minecraft:leather":1,"minecraft:tuff":5,"minecraft:oak_log":15,"minecraft:lapis_lazuli":25,"minecraft:raw_copper":10,"minecraft:bone":3,"minecraft:activator_rail":2,"minecraft:bow":1,"minecraft:cobbled_deepslate":61,"minecraft:beef":8,"minecraft:cooked_chicken":2,"minecraft:calcite":1,"minecraft:chest":2,"minecraft:oak_planks":28,"minecraft:furnace":5,"minecraft:raw_iron":27,"minecraft:torch":5,"minecraft:porkchop":1,"minecraft:diorite":7,"minecraft:arrow":3,"minecraft:rotten_flesh":1,"minecraft:diamond":11,"minecraft:granite":22,"minecraft:melon_seeds":5,"minecraft:coal":56,"minecraft:rail":10,"minecraft:cobblestone":83},"minecraft:custom":{"minecraft:interact_with_furnace":21,"minecraft:mob_kills":11,"minecraft:interact_with_crafting_table":13,"minecraft:time_since_death":47939,"minecraft:time_since_rest":47939,"minecraft:sprint_one_cm":82037,"minecraft:damage_taken":545,"minecraft:walk_one_cm":70656,"minecraft:damage_blocked_by_shield":154,"minecraft:drop":1,"minecraft:damage_dealt":1804,"minecraft:swim_one_cm":21895,"minecraft:fly_one_cm":85860,"minecraft:player_kills":2,"minecraft:open_chest":7,"minecraft:crouch_one_cm":734,"minecraft:play_time":47939,"minecraft:sneak_time":643,"minecraft:walk_under_water_one_cm":4550,"minecraft:jump":628,"minecraft:walk_on_water_one_cm":10446,"minecraft:total_world_time":47939,"minecraft:fall_one_cm":13520},"minecraft:mined":{"minecraft:tuff":5,"minecraft:deepslate_diamond_ore":11,"minecraft:crafting_table":6,"minecraft:torch":2,"minecraft:granite":24,"minecraft:short_grass":3,"minecraft:calcite":2,"minecraft:chest":2,"minecraft:copper_ore":2,"minecraft:tall_grass":2,"minecraft:deepslate_coal_ore":11,"minecraft:oak_planks":7,"minecraft:diorite":7,"minecraft:wall_torch":1,"minecraft:furnace":5,"minecraft:iron_ore":22,"minecraft:cobbled_deepslate":1,"minecraft:andesite":16,"minecraft:deepslate_lapis_ore":4,"minecraft:oak_log":15,"minecraft:coal_ore":45,"minecraft:deepslate_iron_ore":5,"minecraft:stone":85,"minecraft:deepslate":60}},"DataVersion":3955}