{"stats":{"minecraft:mined":{"minecraft:tuff":5,"minecraft:white_bed":1,"minecraft:deepslate_diamond_ore":17,"minecraft:granite":30,"minecraft:grass_block":3,"minecraft:furnace":9,"minecraft:iron_ore":42,"minecraft:cobbled_deepslate":1,"minecraft:andesite":16,"minecraft:deepslate_lapis_ore":4,"minecraft:pointed_dripstone":1,"minecraft:deepslate_iron_ore":5,"minecraft:stone":167,"minecraft:cornflower":2,"minecraft:crafting_table":12,"minecraft:torch":3,"minecraft:short_grass":18,"minecraft:calcite":2,"minecraft:chest":2,"minecraft:tall_grass":3,"minecraft:copper_ore":3,"minecraft:cobblestone":4,"minecraft:deepslate_coal_ore":11,"minecraft:oak_planks":7,"minecraft:diorite":8,"minecraft:wall_torch":1,"minecraft:blue_bed":1,"minecraft:activator_rail":1,"minecraft:birch_leaves":3,"minecraft:yellow_bed":2,"minecraft:oak_log":33,"minecraft:coal_ore":134,"minecraft:dirt":1,"minecraft:sand":2,"minecraft:dripstone_block":4,"minecraft:gravel":2,"minecraft:oak_leaves":13,"minecraft:deepslate":67},"minecraft:picked_up":{"minecraft:crafting_table":11,"minecraft:chicken":3,"minecraft:chest_minecart":2,"minecraft:cornflower":2,"minecraft:raw_copper":14,"minecraft:activator_rail":3,"minecraft:cobbled_deepslate":78,"minecraft:beef":55,"minecraft:calcite":1,"minecraft:light_gray_wool":2,"minecraft:chest":2,"minecraft:furnace":9,"minecraft:raw_iron":47,"minecraft:torch":6,"minecraft:porkchop":43,"minecraft:pointed_dripstone":12,"minecraft:diorite":8,"minecraft:arrow":9,"minecraft:rotten_flesh":5,"minecraft:mutton":53,"minecraft:white_wool":25,"minecraft:rail":10,"minecraft:cobblestone":167,"minecraft:feather":4,"minecraft:andesite":16,"minecraft:leather":24,"minecraft:tuff":5,"minecraft:oak_log":33,"minecraft:yellow_bed":2,"minecraft:gunpowder":1,"minecraft:blue_bed":1,"minecraft:lapis_lazuli":25,"minecraft:dirt":4,"minecraft:bone":3,"minecraft:bow":1,"minecraft:iron_ingot":4,"minecraft:cooked_chicken":2,"minecraft:oak_planks":28,"minecraft:dripstone_block":6,"minecraft:gravel":2,"minecraft:white_bed":1,"minecraft:diamond":17,"minecraft:stone_axe":1,"minecraft:granite":28,"minecraft:gray_wool":2,"minecraft:oak_sapling":2,"minecraft:black_wool":4,"minecraft:melon_seeds":5,"minecraft:coal":246},"minecraft:killed_by":{"minecraft:creeper":1,"minecraft:skeleton":1},"minecraft:used":{"minecraft:chest":2,"minecraft:shield":14,"minecraft:cooked_chicken":1,"minecraft:rotten_flesh":1,"minecraft:torch":42,"minecraft:dirt":1,"minecraft:tuff":5,"minecraft:wooden_axe":23,"minecraft:iron_axe":51,"minecraft:golden_sword":11,"minecraft:furnace":9,"minecraft:cooked_beef":9,"minecraft:cobbled_deepslate":39,"minecraft:diorite":1,"minecraft:stone_pickaxe":189,"minecraft:oak_planks":1,"minecraft:wooden_pickaxe":21,"minecraft:blue_bed":1,"minecraft:crafting_table":11,"minecraft:white_bed":1,"minecraft:activator_rail":1,"minecraft:bread":11,"minecraft:iron_pickaxe":327,"minecraft:stone_axe":106,"minecraft:cobblestone":72,"minecraft:cooked_porkchop":1,"minecraft:porkchop":9,"minecraft:yellow_bed":2,"minecraft:chest_minecart":1,"minecraft:oak_boat":1},"minecraft:custom":{"minecraft:mob_kills":99,"minecraft:interact_with_crafting_table":21,"minecraft:bell_ring":12,"minecraft:leave_game":3,"minecraft:time_since_death":52361,"minecraft:sprint_one_cm":352078,"minecraft:walk_one_cm":241643,"minecraft:damage_blocked_by_shield":1039,"minecraft:drop":22,"minecraft:play_time":151808,"minecraft:deaths":3,"minecraft:sneak_time":3352,"minecraft:walk_under_water_one_cm":15243,"minecraft:boat_one_cm":76629,"minecraft:jump":3044,"minecraft:walk_on_water_one_cm":30605,"minecraft:total_world_time":151808,"minecraft:interact_with_furnace":33,"minecraft:interact_with_stonecutter":1,"minecraft:sleep_in_bed":4,"minecraft:time_since_rest":17767,"minecraft:damage_taken":2085,"minecraft:damage_dealt":10875,"minecraft:swim_one_cm":68229,"minecraft:player_kills":2,"minecraft:fly_one_cm":573100,"minecraft:open_chest":13,"minecraft:crouch_one_cm":5514,"minecraft:fall_one_cm":92755,"minecraft:horse_one_cm":1238},"minecraft:killed":{"minecraft:skeleton":5,"minecraft:chicken":3,"minecraft:pig":21,"minecraft:creeper":1,"minecraft:sheep":34,"minecraft:zombie":4,"minecraft:cow":31},"minecraft:dropped":{"minecraft:dripstone_block":4,"minecraft:chest_minecart":1,"minecraft:granite":22,"minecraft:activator_rail":2,"minecraft:dirt":3,"minecraft:diorite":7,"minecraft:wooden_axe":1,"minecraft:gravel":2,"minecraft:stone_axe":2,"minecraft:cooked_chicken":1,"minecraft:pointed_dripstone":8,"minecraft:andesite":16,"minecraft:melon_seeds":5,"minecraft:oak_sapling":2,"minecraft:stone_pickaxe":1,"minecraft:wooden_pickaxe":1,"minecraft:calcite":1},"minecraft:broken":{"minecraft:iron_pickaxe":1},"minecraft:crafted":{"minecraft:oak_planks":132,"minecraft:cooked_chicken":1,"minecraft:furnace":2,"minecraft:diamond_leggings":1,"minecraft:iron_axe":1,"minecraft:stone_pickaxe":2,"minecraft:chest":1,"minecraft:diamond_boots":1,"minecraft:cooked_beef":11,"minecraft:cooked_porkchop":1,"minecraft:crafting_table":2,"minecraft:wooden_pickaxe":2,"minecraft:iron_helmet":1,"minecraft:blue_bed":2,"minecraft:stone_axe":2,"minecraft:air":0,"minecraft:blue_dye":2,"minecraft:oak_boat":1,"minecraft:iron_chestplate":1,"minecraft:shield":1,"minecraft:stick":40,"minecraft:iron_ingot":23,"minecraft:iron_pickaxe":2,"minecraft:wooden_axe":1,"minecraft:white_bed":2,"minecraft:torch":64}},"DataVersion":3955}