{"stats":{"minecraft:mined":{"minecraft:deepslate_diamond_ore":5,"minecraft:crafting_table":3,"minecraft:short_grass":5,"minecraft:grass_block":3,"minecraft:decorated_pot":7,"minecraft:cobblestone":4,"minecraft:chiseled_tuff_bricks":1,"minecraft:oak_planks":13,"minecraft:tuff_bricks":27,"minecraft:furnace":1,"minecraft:iron_ore":6,"minecraft:chiseled_tuff":1,"minecraft:waxed_oxidized_copper":7,"minecraft:coal_ore":8,"minecraft:oak_log":6,"minecraft:deepslate_iron_ore":17,"minecraft:dirt":7,"minecraft:cobweb":6,"minecraft:stone":31,"minecraft:green_bed":1,"minecraft:deepslate":9},"minecraft:picked_up":{"minecraft:crafting_table":4,"minecraft:cooked_beef":4,"minecraft:ominous_bottle":1,"minecraft:golden_carrot":5,"minecraft:ladder":1,"minecraft:glow_ink_sac":7,"minecraft:oak_log":6,"minecraft:magenta_bed":1,"minecraft:brick":23,"minecraft:wind_charge":3,"minecraft:dirt":10,"minecraft:string":97,"minecraft:iron_axe":1,"minecraft:bone":36,"minecraft:bow":2,"minecraft:cobbled_deepslate":9,"minecraft:iron_ingot":3,"minecraft:trial_key":4,"minecraft:cooked_chicken":4,"minecraft:chiseled_tuff":3,"minecraft:guster_pottery_sherd":1,"minecraft:oak_planks":41,"minecraft:waxed_oxidized_copper":7,"minecraft:furnace":1,"minecraft:tipped_arrow":34,"minecraft:raw_iron":23,"minecraft:green_bed":1,"minecraft:flow_pottery_sherd":3,"minecraft:spider_eye":39,"minecraft:slime_ball":31,"minecraft:arrow":82,"minecraft:rotten_flesh":5,"minecraft:diamond":5,"minecraft:decorated_pot":1,"minecraft:breeze_rod":4,"minecraft:crossbow":1,"minecraft:baked_potato":3,"minecraft:emerald":7,"minecraft:music_disc_precipice":1,"minecraft:tuff_bricks":25,"minecraft:oak_sapling":1,"minecraft:chiseled_tuff_bricks":2,"minecraft:coal":8,"minecraft:cobblestone":34},"minecraft:killed_by":{"minecraft:player":2,"minecraft:stray":1},"minecraft:custom":{"minecraft:interact_with_furnace":9,"minecraft:mob_kills":121,"minecraft:interact_with_crafting_table":20,"minecraft:open_barrel":9,"minecraft:leave_game":3,"minecraft:time_since_death":34044,"minecraft:sleep_in_bed":3,"minecraft:climb_one_cm":9020,"minecraft:time_since_rest":34074,"minecraft:sprint_one_cm":233730,"minecraft:damage_taken":4413,"minecraft:walk_one_cm":224817,"minecraft:damage_blocked_by_shield":180,"minecraft:drop":32,"minecraft:damage_dealt":12179,"minecraft:swim_one_cm":223,"minecraft:fly_one_cm":141594,"minecraft:open_chest":20,"minecraft:crouch_one_cm":11706,"minecraft:play_time":79871,"minecraft:deaths":3,"minecraft:sneak_time":4596,"minecraft:walk_under_water_one_cm":972,"minecraft:jump":1042,"minecraft:walk_on_water_one_cm":8563,"minecraft:total_world_time":79871,"minecraft:fall_one_cm":27657,"minecraft:inspect_dispenser":2},"minecraft:used":{"minecraft:tuff_bricks":16,"minecraft:chiseled_tuff":1,"minecraft:stone_pickaxe":38,"minecraft:oak_planks":18,"minecraft:baked_potato":8,"minecraft:ladder":1,"minecraft:shield":6,"minecraft:wooden_pickaxe":3,"minecraft:diamond_axe":26,"minecraft:rotten_flesh":2,"minecraft:cooked_chicken":4,"minecraft:trial_key":4,"minecraft:iron_chestplate":1,"minecraft:torch":2,"minecraft:dirt":10,"minecraft:crafting_table":4,"minecraft:magenta_bed":1,"minecraft:waxed_oxidized_copper":7,"minecraft:diamond_pickaxe":46,"minecraft:wind_charge":3,"minecraft:bread":48,"minecraft:iron_pickaxe":52,"minecraft:iron_boots":1,"minecraft:golden_carrot":1,"minecraft:diamond_chestplate":1,"minecraft:diamond_sword":215,"minecraft:bow":97,"minecraft:cobblestone":25,"minecraft:ominous_bottle":1,"minecraft:furnace":1,"minecraft:cooked_beef":3,"minecraft:cobbled_deepslate":6,"minecraft:iron_leggings":1},"minecraft:killed":{"minecraft:cave_spider":43,"minecraft:spider":23,"minecraft:slime":15,"minecraft:zombie":5,"minecraft:silverfish":4,"minecraft:stray":26,"minecraft:breeze":3},"minecraft:dropped":{"minecraft:decorated_pot":1,"minecraft:rotten_flesh":1,"minecraft:stick":1,"minecraft:tipped_arrow":5,"minecraft:bow":2,"minecraft:spider_eye":38,"minecraft:chiseled_tuff":2,"minecraft:string":26,"minecraft:brick":23},"minecraft:crafted":{"minecraft:oak_planks":24,"minecraft:diamond_sword":1,"minecraft:diamond_axe":1,"minecraft:crafting_table":1,"minecraft:wooden_pickaxe":1,"minecraft:furnace":1,"minecraft:diamond_shovel":1,"minecraft:bread":54,"minecraft:air":0,"minecraft:bow":1,"minecraft:iron_boots":1,"minecraft:iron_chestplate":1,"minecraft:diamond_pickaxe":1,"minecraft:shield":1,"minecraft:iron_axe":1,"minecraft:stick":20,"minecraft:iron_ingot":30,"minecraft:iron_pickaxe":1,"minecraft:stone_pickaxe":1,"minecraft:iron_leggings":1,"minecraft:torch":4,"minecraft:wheat":162,"minecraft:diamond_chestplate":1}},"DataVersion":3955}