{"stats":{"minecraft:mined":{"minecraft:deepslate_diamond_ore":5,"minecraft:obsidian":8,"minecraft:granite":22,"minecraft:grass_block":3,"minecraft:decorated_pot":7,"minecraft:chiseled_tuff_bricks":2,"minecraft:tuff_bricks":37,"minecraft:furnace":1,"minecraft:iron_ore":10,"minecraft:cobbled_deepslate":1,"minecraft:fire":3,"minecraft:andesite":3,"minecraft:chiseled_tuff":1,"minecraft:deepslate_iron_ore":17,"minecraft:stone":107,"minecraft:green_bed":1,"minecraft:crafting_table":3,"minecraft:short_grass":5,"minecraft:cobblestone":4,"minecraft:oak_planks":14,"minecraft:diorite":13,"minecraft:oak_log":6,"minecraft:coal_ore":25,"minecraft:waxed_oxidized_copper":7,"minecraft:gravel":2,"minecraft:dirt":7,"minecraft:cobweb":6,"minecraft:stone_bricks":1,"minecraft:netherrack":1,"minecraft:mossy_stone_bricks":1,"minecraft:oak_leaves":1,"minecraft:deepslate":49},"minecraft:picked_up":{"minecraft:crafting_table":4,"minecraft:ominous_bottle":1,"minecraft:ladder":1,"minecraft:potion":2,"minecraft:music_disc_creator":1,"minecraft:brick":23,"minecraft:wind_charge":33,"minecraft:iron_axe":1,"minecraft:string":112,"minecraft:flow_banner_pattern":2,"minecraft:cobbled_deepslate":53,"minecraft:trial_key":4,"minecraft:chiseled_tuff":3,"minecraft:enchanted_golden_apple":2,"minecraft:guster_pottery_sherd":1,"minecraft:waxed_oxidized_copper":7,"minecraft:furnace":1,"minecraft:tipped_arrow":49,"minecraft:raw_iron":23,"minecraft:green_bed":1,"minecraft:flow_pottery_sherd":3,"minecraft:arrow":105,"minecraft:rotten_flesh":5,"minecraft:decorated_pot":1,"minecraft:iron_block":1,"minecraft:tuff_bricks":35,"minecraft:obsidian":8,"minecraft:cobblestone":48,"minecraft:cooked_beef":4,"minecraft:golden_carrot":7,"minecraft:glow_ink_sac":7,"minecraft:oak_log":7,"minecraft:magenta_bed":1,"minecraft:dirt":10,"minecraft:bone":48,"minecraft:stone_bricks":1,"minecraft:bow":3,"minecraft:iron_ingot":3,"minecraft:cooked_chicken":4,"minecraft:mossy_stone_bricks":1,"minecraft:oak_planks":43,"minecraft:diamond_block":1,"minecraft:spider_eye":59,"minecraft:diamond":8,"minecraft:slime_ball":31,"minecraft:crossbow":1,"minecraft:breeze_rod":4,"minecraft:golden_apple":2,"minecraft:emerald":41,"minecraft:music_disc_precipice":1,"minecraft:netherrack":1,"minecraft:baked_potato":18,"minecraft:oak_sapling":1,"minecraft:ominous_trial_key":6,"minecraft:coal":24,"minecraft:chiseled_tuff_bricks":3},"minecraft:killed_by":{"minecraft:player":2,"minecraft:stray":1,"minecraft:spider":1},"minecraft:custom":{"minecraft:mob_kills":143,"minecraft:interact_with_crafting_table":20,"minecraft:open_barrel":12,"minecraft:leave_game":4,"minecraft:time_since_death":18228,"minecraft:climb_one_cm":13557,"minecraft:sprint_one_cm":364328,"minecraft:walk_one_cm":307746,"minecraft:damage_blocked_by_shield":220,"minecraft:drop":68,"minecraft:play_time":124337,"minecraft:deaths":4,"minecraft:sneak_time":6197,"minecraft:walk_under_water_one_cm":3042,"minecraft:jump":1731,"minecraft:walk_on_water_one_cm":14102,"minecraft:total_world_time":124337,"minecraft:interact_with_furnace":9,"minecraft:sleep_in_bed":4,"minecraft:time_since_rest":14526,"minecraft:damage_taken":5938,"minecraft:damage_dealt":14309,"minecraft:fly_one_cm":241523,"minecraft:swim_one_cm":4843,"minecraft:open_chest":22,"minecraft:crouch_one_cm":14681,"minecraft:fall_one_cm":50286,"minecraft:inspect_dispenser":2},"minecraft:used":{"minecraft:tuff_bricks":17,"minecraft:chiseled_tuff":1,"minecraft:ladder":1,"minecraft:shield":7,"minecraft:cooked_chicken":4,"minecraft:rotten_flesh":2,"minecraft:trial_key":4,"minecraft:iron_chestplate":1,"minecraft:torch":7,"minecraft:dirt":10,"minecraft:waxed_oxidized_copper":7,"minecraft:iron_boots":1,"minecraft:stone_bricks":1,"minecraft:diamond_chestplate":1,"minecraft:golden_carrot":7,"minecraft:bow":108,"minecraft:ominous_bottle":1,"minecraft:furnace":1,"minecraft:cooked_beef":4,"minecraft:cobbled_deepslate":33,"minecraft:iron_leggings":1,"minecraft:mossy_stone_bricks":1,"minecraft:stone_pickaxe":38,"minecraft:baked_potato":17,"minecraft:oak_planks":32,"minecraft:wooden_pickaxe":3,"minecraft:diamond_axe":29,"minecraft:green_bed":1,"minecraft:crafting_table":4,"minecraft:magenta_bed":1,"minecraft:oak_log":1,"minecraft:diamond_pickaxe":246,"minecraft:ominous_trial_key":5,"minecraft:wind_charge":29,"minecraft:bread":54,"minecraft:iron_pickaxe":52,"minecraft:diamond_sword":247,"minecraft:cobblestone":26,"minecraft:potion":2,"minecraft:bucket":2},"minecraft:killed":{"minecraft:cave_spider":58,"minecraft:spider":26,"minecraft:slime":15,"minecraft:silverfish":4,"minecraft:drowned":1,"minecraft:zombie":6,"minecraft:stray":27,"minecraft:breeze":3},"minecraft:dropped":{"minecraft:glass_bottle":2,"minecraft:diamond":6,"minecraft:decorated_pot":1,"minecraft:ominous_trial_key":1,"minecraft:stick":1,"minecraft:flow_banner_pattern":1,"minecraft:string":40,"minecraft:tuff_bricks":9,"minecraft:flow_pottery_sherd":3,"minecraft:chiseled_tuff_bricks":1,"minecraft:cobbled_deepslate":1,"minecraft:rotten_flesh":1,"minecraft:enchanted_golden_apple":1,"minecraft:tipped_arrow":11,"minecraft:spider_eye":59,"minecraft:chiseled_tuff":2,"minecraft:arrow":39,"minecraft:bow":3,"minecraft:netherrack":1,"minecraft:brick":23},"minecraft:broken":{"minecraft:iron_boots":1},"minecraft:crafted":{"minecraft:oak_planks":24,"minecraft:furnace":1,"minecraft:diamond_shovel":1,"minecraft:diamond":9,"minecraft:bow":1,"minecraft:iron_boots":1,"minecraft:iron_axe":1,"minecraft:stone_pickaxe":1,"minecraft:wheat":162,"minecraft:diamond_sword":1,"minecraft:diamond_axe":1,"minecraft:crafting_table":1,"minecraft:wooden_pickaxe":1,"minecraft:bread":54,"minecraft:air":0,"minecraft:iron_chestplate":1,"minecraft:diamond_pickaxe":1,"minecraft:shield":1,"minecraft:stick":24,"minecraft:iron_ingot":39,"minecraft:iron_pickaxe":1,"minecraft:iron_leggings":1,"minecraft:torch":20,"minecraft:diamond_chestplate":1}},"DataVersion":3955}