{"stats":{"minecraft:mined":{"minecraft:deepslate_diamond_ore":5,"minecraft:crafting_table":3,"minecraft:short_grass":5,"minecraft:grass_block":3,"minecraft:decorated_pot":7,"minecraft:cobblestone":4,"minecraft:chiseled_tuff_bricks":1,"minecraft:oak_planks":14,"minecraft:tuff_bricks":28,"minecraft:furnace":1,"minecraft:fire":3,"minecraft:iron_ore":6,"minecraft:chiseled_tuff":1,"minecraft:waxed_oxidized_copper":7,"minecraft:coal_ore":8,"minecraft:oak_log":6,"minecraft:deepslate_iron_ore":17,"minecraft:dirt":7,"minecraft:cobweb":6,"minecraft:stone":31,"minecraft:green_bed":1,"minecraft:deepslate":9},"minecraft:picked_up":{"minecraft:crafting_table":4,"minecraft:cooked_beef":4,"minecraft:ominous_bottle":1,"minecraft:golden_carrot":7,"minecraft:ladder":1,"minecraft:glow_ink_sac":7,"minecraft:potion":2,"minecraft:oak_log":6,"minecraft:magenta_bed":1,"minecraft:brick":23,"minecraft:wind_charge":33,"minecraft:flow_banner_pattern":2,"minecraft:dirt":10,"minecraft:string":112,"minecraft:iron_axe":1,"minecraft:bone":48,"minecraft:bow":3,"minecraft:cobbled_deepslate":9,"minecraft:iron_ingot":3,"minecraft:trial_key":4,"minecraft:cooked_chicken":4,"minecraft:chiseled_tuff":3,"minecraft:enchanted_golden_apple":1,"minecraft:guster_pottery_sherd":1,"minecraft:oak_planks":43,"minecraft:waxed_oxidized_copper":7,"minecraft:furnace":1,"minecraft:tipped_arrow":49,"minecraft:raw_iron":23,"minecraft:green_bed":1,"minecraft:flow_pottery_sherd":3,"minecraft:spider_eye":59,"minecraft:slime_ball":31,"minecraft:arrow":105,"minecraft:rotten_flesh":5,"minecraft:diamond":5,"minecraft:decorated_pot":1,"minecraft:iron_block":1,"minecraft:breeze_rod":4,"minecraft:crossbow":1,"minecraft:golden_apple":2,"minecraft:ominous_trial_key":6,"minecraft:baked_potato":18,"minecraft:emerald":31,"minecraft:music_disc_precipice":1,"minecraft:tuff_bricks":26,"minecraft:oak_sapling":1,"minecraft:chiseled_tuff_bricks":2,"minecraft:coal":8,"minecraft:cobblestone":34},"minecraft:killed_by":{"minecraft:player":2,"minecraft:stray":1},"minecraft:custom":{"minecraft:interact_with_furnace":9,"minecraft:mob_kills":139,"minecraft:interact_with_crafting_table":20,"minecraft:open_barrel":10,"minecraft:leave_game":3,"minecraft:time_since_death":46044,"minecraft:sleep_in_bed":3,"minecraft:climb_one_cm":13557,"minecraft:time_since_rest":46074,"minecraft:sprint_one_cm":299955,"minecraft:damage_taken":5077,"minecraft:walk_one_cm":264387,"minecraft:damage_blocked_by_shield":220,"minecraft:drop":59,"minecraft:damage_dealt":13587,"minecraft:swim_one_cm":223,"minecraft:fly_one_cm":165924,"minecraft:open_chest":21,"minecraft:crouch_one_cm":13184,"minecraft:play_time":91871,"minecraft:deaths":3,"minecraft:sneak_time":5073,"minecraft:walk_under_water_one_cm":972,"minecraft:jump":1191,"minecraft:walk_on_water_one_cm":8563,"minecraft:total_world_time":91871,"minecraft:fall_one_cm":32454,"minecraft:inspect_dispenser":2},"minecraft:used":{"minecraft:tuff_bricks":16,"minecraft:chiseled_tuff":1,"minecraft:stone_pickaxe":38,"minecraft:oak_planks":22,"minecraft:baked_potato":11,"minecraft:ladder":1,"minecraft:shield":7,"minecraft:wooden_pickaxe":3,"minecraft:diamond_axe":29,"minecraft:rotten_flesh":2,"minecraft:cooked_chicken":4,"minecraft:trial_key":4,"minecraft:iron_chestplate":1,"minecraft:torch":4,"minecraft:dirt":10,"minecraft:crafting_table":4,"minecraft:magenta_bed":1,"minecraft:waxed_oxidized_copper":7,"minecraft:diamond_pickaxe":47,"minecraft:ominous_trial_key":3,"minecraft:wind_charge":3,"minecraft:bread":48,"minecraft:iron_pickaxe":52,"minecraft:potion":2,"minecraft:iron_boots":1,"minecraft:golden_carrot":7,"minecraft:diamond_chestplate":1,"minecraft:diamond_sword":233,"minecraft:bow":107,"minecraft:cobblestone":26,"minecraft:ominous_bottle":1,"minecraft:furnace":1,"minecraft:cooked_beef":3,"minecraft:cobbled_deepslate":6,"minecraft:iron_leggings":1},"minecraft:killed":{"minecraft:cave_spider":58,"minecraft:spider":24,"minecraft:slime":15,"minecraft:zombie":5,"minecraft:silverfish":4,"minecraft:stray":27,"minecraft:breeze":3},"minecraft:dropped":{"minecraft:tuff_bricks":1,"minecraft:flow_pottery_sherd":3,"minecraft:glass_bottle":2,"minecraft:decorated_pot":1,"minecraft:rotten_flesh":1,"minecraft:ominous_trial_key":1,"minecraft:stick":1,"minecraft:tipped_arrow":11,"minecraft:arrow":39,"minecraft:bow":3,"minecraft:spider_eye":59,"minecraft:chiseled_tuff":2,"minecraft:flow_banner_pattern":1,"minecraft:string":40,"minecraft:brick":23},"minecraft:crafted":{"minecraft:oak_planks":24,"minecraft:diamond_sword":1,"minecraft:diamond_axe":1,"minecraft:crafting_table":1,"minecraft:wooden_pickaxe":1,"minecraft:furnace":1,"minecraft:diamond_shovel":1,"minecraft:bread":54,"minecraft:air":0,"minecraft:bow":1,"minecraft:iron_boots":1,"minecraft:iron_chestplate":1,"minecraft:diamond_pickaxe":1,"minecraft:shield":1,"minecraft:iron_axe":1,"minecraft:stick":20,"minecraft:iron_ingot":39,"minecraft:iron_pickaxe":1,"minecraft:stone_pickaxe":1,"minecraft:iron_leggings":1,"minecraft:torch":4,"minecraft:wheat":162,"minecraft:diamond_chestplate":1}},"DataVersion":3955}