{"stats":{"minecraft:used":{"minecraft:stone_pickaxe":38,"minecraft:iron_pickaxe":1,"minecraft:wooden_pickaxe":3,"minecraft:cooked_chicken":1,"minecraft:rotten_flesh":2,"minecraft:dirt":10,"minecraft:cobblestone":3,"minecraft:crafting_table":3,"minecraft:furnace":1},"minecraft:killed":{"minecraft:zombie":2},"minecraft:crafted":{"minecraft:oak_planks":24,"minecraft:crafting_table":1,"minecraft:stick":8,"minecraft:iron_pickaxe":1,"minecraft:iron_ingot":3,"minecraft:wooden_pickaxe":1,"minecraft:stone_pickaxe":1,"minecraft:furnace":1,"minecraft:torch":4,"minecraft:air":0},"minecraft:killed_by":{"minecraft:player":2},"minecraft:picked_up":{"minecraft:crafting_table":2,"minecraft:raw_iron":4,"minecraft:glow_ink_sac":7,"minecraft:oak_log":6,"minecraft:dirt":10,"minecraft:rotten_flesh":2,"minecraft:diamond":1,"minecraft:cobbled_deepslate":3,"minecraft:cooked_chicken":1,"minecraft:oak_sapling":1,"minecraft:coal":8,"minecraft:cobblestone":11},"minecraft:custom":{"minecraft:time_since_rest":14032,"minecraft:interact_with_furnace":5,"minecraft:sprint_one_cm":7443,"minecraft:damage_taken":782,"minecraft:walk_one_cm":18014,"minecraft:mob_kills":2,"minecraft:damage_dealt":537,"minecraft:interact_with_crafting_table":7,"minecraft:fly_one_cm":10432,"minecraft:crouch_one_cm":1566,"minecraft:play_time":15764,"minecraft:deaths":2,"minecraft:sneak_time":511,"minecraft:jump":119,"minecraft:leave_game":1,"minecraft:time_since_death":13959,"minecraft:walk_on_water_one_cm":6166,"minecraft:total_world_time":15764,"minecraft:fall_one_cm":3089},"minecraft:mined":{"minecraft:deepslate_diamond_ore":1,"minecraft:iron_ore":2,"minecraft:crafting_table":1,"minecraft:short_grass":2,"minecraft:oak_log":6,"minecraft:grass_block":3,"minecraft:coal_ore":8,"minecraft:deepslate_iron_ore":2,"minecraft:dirt":7,"minecraft:stone":11,"minecraft:deepslate":3}},"DataVersion":3955}