{"stats":{"minecraft:mined":{"minecraft:deepslate_diamond_ore":5,"minecraft:crafting_table":3,"minecraft:short_grass":5,"minecraft:grass_block":3,"minecraft:decorated_pot":7,"minecraft:cobblestone":3,"minecraft:chiseled_tuff_bricks":1,"minecraft:oak_planks":13,"minecraft:tuff_bricks":27,"minecraft:furnace":1,"minecraft:iron_ore":6,"minecraft:chiseled_tuff":1,"minecraft:waxed_oxidized_copper":7,"minecraft:coal_ore":8,"minecraft:oak_log":6,"minecraft:deepslate_iron_ore":17,"minecraft:dirt":7,"minecraft:cobweb":6,"minecraft:stone":31,"minecraft:green_bed":1,"minecraft:deepslate":9},"minecraft:picked_up":{"minecraft:crafting_table":4,"minecraft:ominous_bottle":1,"minecraft:golden_carrot":3,"minecraft:ladder":1,"minecraft:glow_ink_sac":7,"minecraft:oak_log":6,"minecraft:magenta_bed":1,"minecraft:brick":23,"minecraft:wind_charge":3,"minecraft:dirt":10,"minecraft:string":77,"minecraft:iron_axe":1,"minecraft:bone":22,"minecraft:bow":2,"minecraft:cobbled_deepslate":9,"minecraft:iron_ingot":3,"minecraft:trial_key":4,"minecraft:cooked_chicken":4,"minecraft:chiseled_tuff":3,"minecraft:guster_pottery_sherd":1,"minecraft:oak_planks":41,"minecraft:waxed_oxidized_copper":7,"minecraft:furnace":1,"minecraft:tipped_arrow":27,"minecraft:raw_iron":23,"minecraft:green_bed":1,"minecraft:flow_pottery_sherd":3,"minecraft:spider_eye":34,"minecraft:slime_ball":31,"minecraft:arrow":66,"minecraft:rotten_flesh":5,"minecraft:diamond":5,"minecraft:decorated_pot":1,"minecraft:crossbow":1,"minecraft:emerald":7,"minecraft:music_disc_precipice":1,"minecraft:tuff_bricks":25,"minecraft:oak_sapling":1,"minecraft:chiseled_tuff_bricks":2,"minecraft:coal":8,"minecraft:cobblestone":33},"minecraft:killed_by":{"minecraft:player":2,"minecraft:stray":1},"minecraft:custom":{"minecraft:interact_with_furnace":9,"minecraft:mob_kills":81,"minecraft:interact_with_crafting_table":20,"minecraft:open_barrel":9,"minecraft:leave_game":3,"minecraft:time_since_death":22044,"minecraft:sleep_in_bed":3,"minecraft:climb_one_cm":8198,"minecraft:time_since_rest":22074,"minecraft:sprint_one_cm":201314,"minecraft:damage_taken":3157,"minecraft:walk_one_cm":176933,"minecraft:damage_blocked_by_shield":160,"minecraft:drop":28,"minecraft:damage_dealt":7305,"minecraft:swim_one_cm":223,"minecraft:fly_one_cm":117467,"minecraft:open_chest":17,"minecraft:crouch_one_cm":8927,"minecraft:play_time":67871,"minecraft:deaths":3,"minecraft:sneak_time":2895,"minecraft:walk_under_water_one_cm":972,"minecraft:jump":801,"minecraft:walk_on_water_one_cm":8563,"minecraft:total_world_time":67871,"minecraft:fall_one_cm":19724,"minecraft:inspect_dispenser":1},"minecraft:used":{"minecraft:tuff_bricks":10,"minecraft:chiseled_tuff":1,"minecraft:stone_pickaxe":38,"minecraft:oak_planks":12,"minecraft:baked_potato":6,"minecraft:ladder":1,"minecraft:shield":4,"minecraft:wooden_pickaxe":3,"minecraft:diamond_axe":15,"minecraft:rotten_flesh":2,"minecraft:cooked_chicken":4,"minecraft:trial_key":4,"minecraft:iron_chestplate":1,"minecraft:torch":2,"minecraft:dirt":10,"minecraft:crafting_table":4,"minecraft:magenta_bed":1,"minecraft:waxed_oxidized_copper":6,"minecraft:diamond_pickaxe":45,"minecraft:bread":34,"minecraft:iron_pickaxe":52,"minecraft:iron_boots":1,"minecraft:diamond_chestplate":1,"minecraft:diamond_sword":138,"minecraft:bow":61,"minecraft:cobblestone":25,"minecraft:furnace":1,"minecraft:cobbled_deepslate":6,"minecraft:iron_leggings":1},"minecraft:killed":{"minecraft:cave_spider":35,"minecraft:spider":12,"minecraft:slime":15,"minecraft:zombie":5,"minecraft:stray":14},"minecraft:dropped":{"minecraft:decorated_pot":1,"minecraft:rotten_flesh":1,"minecraft:stick":1,"minecraft:tipped_arrow":5,"minecraft:bow":1,"minecraft:spider_eye":34,"minecraft:chiseled_tuff":2,"minecraft:string":10,"minecraft:brick":23},"minecraft:crafted":{"minecraft:oak_planks":24,"minecraft:diamond_sword":1,"minecraft:diamond_axe":1,"minecraft:crafting_table":1,"minecraft:wooden_pickaxe":1,"minecraft:furnace":1,"minecraft:diamond_shovel":1,"minecraft:bread":54,"minecraft:air":0,"minecraft:bow":1,"minecraft:iron_boots":1,"minecraft:iron_chestplate":1,"minecraft:diamond_pickaxe":1,"minecraft:shield":1,"minecraft:iron_axe":1,"minecraft:stick":20,"minecraft:iron_ingot":30,"minecraft:iron_pickaxe":1,"minecraft:stone_pickaxe":1,"minecraft:iron_leggings":1,"minecraft:torch":4,"minecraft:wheat":162,"minecraft:diamond_chestplate":1}},"DataVersion":3955}