{"stats":{"minecraft:used":{"minecraft:bread":7,"minecraft:stone_pickaxe":38,"minecraft:iron_pickaxe":52,"minecraft:wooden_pickaxe":3,"minecraft:rotten_flesh":2,"minecraft:cooked_chicken":1,"minecraft:diamond_chestplate":1,"minecraft:iron_chestplate":1,"minecraft:torch":2,"minecraft:diamond_sword":9,"minecraft:dirt":10,"minecraft:cobblestone":6,"minecraft:crafting_table":3,"minecraft:furnace":1,"minecraft:cobbled_deepslate":6},"minecraft:killed":{"minecraft:zombie":5},"minecraft:dropped":{"minecraft:rotten_flesh":1},"minecraft:crafted":{"minecraft:oak_planks":24,"minecraft:diamond_sword":1,"minecraft:iron_chestplate":1,"minecraft:diamond_pickaxe":1,"minecraft:shield":1,"minecraft:diamond_axe":1,"minecraft:iron_axe":1,"minecraft:crafting_table":1,"minecraft:stick":16,"minecraft:wooden_pickaxe":1,"minecraft:iron_ingot":30,"minecraft:iron_pickaxe":1,"minecraft:stone_pickaxe":1,"minecraft:furnace":1,"minecraft:diamond_shovel":1,"minecraft:torch":4,"minecraft:bread":18,"minecraft:air":0,"minecraft:diamond_chestplate":1,"minecraft:wheat":54},"minecraft:killed_by":{"minecraft:player":2},"minecraft:picked_up":{"minecraft:crafting_table":3,"minecraft:raw_iron":23,"minecraft:glow_ink_sac":7,"minecraft:oak_log":6,"minecraft:dirt":10,"minecraft:rotten_flesh":5,"minecraft:diamond":5,"minecraft:cobbled_deepslate":9,"minecraft:cooked_chicken":1,"minecraft:oak_sapling":1,"minecraft:coal":8,"minecraft:cobblestone":30,"minecraft:furnace":1},"minecraft:custom":{"minecraft:time_since_rest":48,"minecraft:interact_with_furnace":9,"minecraft:sprint_one_cm":25083,"minecraft:damage_taken":1036,"minecraft:walk_one_cm":33531,"minecraft:mob_kills":5,"minecraft:drop":1,"minecraft:damage_dealt":1166,"minecraft:swim_one_cm":223,"minecraft:interact_with_crafting_table":15,"minecraft:fly_one_cm":48167,"minecraft:open_chest":3,"minecraft:crouch_one_cm":2613,"minecraft:play_time":31934,"minecraft:deaths":2,"minecraft:sneak_time":942,"minecraft:walk_under_water_one_cm":945,"minecraft:jump":345,"minecraft:leave_game":3,"minecraft:walk_on_water_one_cm":7867,"minecraft:time_since_death":30129,"minecraft:sleep_in_bed":3,"minecraft:total_world_time":31934,"minecraft:fall_one_cm":6479},"minecraft:mined":{"minecraft:furnace":1,"minecraft:deepslate_diamond_ore":5,"minecraft:iron_ore":6,"minecraft:crafting_table":2,"minecraft:short_grass":4,"minecraft:oak_log":6,"minecraft:grass_block":3,"minecraft:coal_ore":8,"minecraft:deepslate_iron_ore":17,"minecraft:dirt":7,"minecraft:stone":31,"minecraft:deepslate":9}},"DataVersion":3955}